condition,seed,episode,success,steps_to_flag,total_reward,external_reward,semantic_gain_total,prophecy_error_mean,repeat_count,error_count,knowledge_reuse_count,unique_action_count
A2_REWARD_OFF,0,0,False,120,9.3,0.0,142,0.08550071857284741,58,10,11,62
A2_REWARD_OFF,0,1,True,79,15.9,1.0,161,0.08090252471323353,12,3,11,67
A2_REWARD_OFF,0,2,False,120,7.900000000000001,0.0,142,0.10069272209129537,58,17,10,62
A2_REWARD_OFF,0,3,False,120,9.250000000000002,0.0,130,0.063627948525979,59,4,10,61
A2_REWARD_OFF,0,4,False,120,8.600000000000001,0.0,131,0.05912087452980424,58,8,10,62
A2_REWARD_OFF,0,5,True,77,15.750000000000002,1.0,157,0.0701358027396098,7,3,6,70
A2_REWARD_OFF,0,6,True,71,14.4,1.0,144,0.06846150413333224,16,1,8,55
A2_REWARD_OFF,0,7,False,120,7.950000000000001,0.0,130,0.07399268025616194,61,10,12,59
A2_REWARD_OFF,0,8,True,65,14.65,1.0,143,0.05667340022333768,9,1,8,56
A2_REWARD_OFF,0,9,True,71,16.35,1.0,157,0.04468032727991665,3,1,5,68
A2_REWARD_OFF,0,10,True,67,14.600000000000001,1.0,144,0.0509148361923152,12,1,8,55
A2_REWARD_OFF,0,11,True,70,16.55,1.0,157,0.034120836254544054,3,0,5,67
A2_REWARD_OFF,0,12,True,70,16.55,1.0,157,0.03081438357845678,3,0,5,67
A2_REWARD_OFF,0,13,False,120,8.55,0.0,130,0.061428924367997864,61,7,11,59
A2_REWARD_OFF,0,14,False,120,8.25,0.0,131,0.06628402675314952,65,8,12,55
A2_REWARD_OFF,0,15,False,120,8.500000000000002,0.0,130,0.056516745121584194,58,8,10,62
A2_REWARD_OFF,0,16,True,65,14.65,1.0,143,0.049005609553571576,9,1,8,56
A2_REWARD_OFF,0,17,True,70,16.55,1.0,157,0.02846753178841451,3,0,5,67
A2_REWARD_OFF,0,18,False,120,8.500000000000002,0.0,130,0.05513093380756963,58,8,10,62
A2_REWARD_OFF,0,19,False,120,8.25,0.0,131,0.06326958194197914,65,8,12,55
A2_REWARD_OFF,0,20,False,120,8.500000000000002,0.0,130,0.05423089557805202,58,8,10,62
A2_REWARD_OFF,0,21,True,65,14.65,1.0,143,0.04799967885113405,9,1,8,56
A2_REWARD_OFF,0,22,False,120,9.200000000000001,0.0,135,0.06878754806477706,58,7,10,62
A2_REWARD_OFF,0,23,False,120,8.75,0.0,130,0.05160347308421964,61,6,11,59
A2_REWARD_OFF,0,24,False,120,8.75,0.0,142,0.07163277070342874,53,14,10,67
A2_REWARD_OFF,0,25,False,120,9.55,0.0,142,0.06241528730131863,53,10,10,67
A2_REWARD_OFF,0,26,False,120,9.450000000000001,0.0,130,0.04342947001023351,59,3,10,61
A2_REWARD_OFF,0,27,True,70,16.55,1.0,157,0.02717596015248068,3,0,5,67
A2_REWARD_OFF,0,28,False,120,8.0,0.0,131,0.06457395155710478,66,9,12,54
A2_REWARD_OFF,0,29,True,67,14.600000000000001,1.0,144,0.04590564124254148,12,1,8,55
A2_REWARD_OFF,1,0,False,120,8.5,0.0,140,0.09200260642286612,62,12,13,58
A2_REWARD_OFF,1,1,True,108,13.850000000000001,1.0,164,0.08837948015147755,35,9,10,73
A2_REWARD_OFF,1,2,False,120,8.5,0.0,130,0.07067531287035642,58,8,12,62
A2_REWARD_OFF,1,3,False,120,8.350000000000001,0.0,130,0.06328769965880687,61,8,11,59
A2_REWARD_OFF,1,4,False,120,9.3,0.0,138,0.07451124021192781,58,8,11,62
A2_REWARD_OFF,1,5,False,120,7.900000000000001,0.0,130,0.06803316058959614,62,10,12,58
A2_REWARD_OFF,1,6,False,120,7.300000000000001,0.0,127,0.07227930681046607,64,11,13,56
A2_REWARD_OFF,1,7,True,80,15.500000000000002,1.0,156,0.05634486945037763,14,2,4,66
A2_REWARD_OFF,1,8,False,120,9.8,0.0,142,0.076354348985458,52,9,8,68
A2_REWARD_OFF,1,9,False,120,9.200000000000001,0.0,142,0.07195315494900921,52,12,8,68
A2_REWARD_OFF,1,10,False,120,8.8,0.0,130,0.05210679429150649,60,6,12,60
A2_REWARD_OFF,1,11,False,120,8.250000000000002,0.0,130,0.05791254858590315,59,9,11,61
A2_REWARD_OFF,1,12,False,120,8.3,0.0,127,0.058181357760219404,64,6,14,56
A2_REWARD_OFF,1,13,True,77,15.8,1.0,158,0.062237732233180174,8,3,9,69
A2_REWARD_OFF,1,14,True,97,14.9,1.0,156,0.04396234583814671,34,0,8,63
A2_REWARD_OFF,1,15,False,120,8.4,0.0,130,0.05528089385089614,60,8,13,60
A2_REWARD_OFF,1,16,False,120,8.350000000000001,0.0,130,0.05801836255468794,61,8,11,59
A2_REWARD_OFF,1,17,True,77,16.0,1.0,160,0.0592262647579882,8,3,9,69
A2_REWARD_OFF,1,18,True,81,15.8,1.0,157,0.039914611583229245,18,0,8,63
A2_REWARD_OFF,1,19,False,120,10.75,0.0,139,0.023697825645638503,63,0,7,57
A2_REWARD_OFF,1,20,False,120,10.75,0.0,139,0.0209257966371946,63,0,7,57
A2_REWARD_OFF,1,21,False,120,7.9,0.0,127,0.05830908713021072,64,8,13,56
A2_REWARD_OFF,1,22,True,70,16.55,1.0,157,0.040952590056233945,3,0,5,67
A2_REWARD_OFF,1,23,False,120,7.9,0.0,127,0.0573982891802082,64,8,13,56
A2_REWARD_OFF,1,24,False,120,7.9,0.0,127,0.05649625105985158,64,8,13,56
A2_REWARD_OFF,1,25,False,120,10.700000000000001,0.0,138,0.02196221882549689,62,0,8,58
A2_REWARD_OFF,1,26,False,120,10.700000000000001,0.0,138,0.020527207832228365,62,0,8,58
A2_REWARD_OFF,1,27,False,120,7.9,0.0,127,0.05563978009256399,64,8,13,56
A2_REWARD_OFF,1,28,True,70,16.55,1.0,157,0.03193818809920525,3,0,5,67
A2_REWARD_OFF,1,29,False,120,10.65,0.0,138,0.018921164980506666,63,0,8,57
A2_REWARD_OFF,2,0,False,120,9.15,0.0,142,0.09384794615760507,57,11,11,63
A2_REWARD_OFF,2,1,False,120,16.0,0.0,188,0.06809625540265712,32,6,10,88
A2_REWARD_OFF,2,2,False,120,-0.09999999999999998,0.0,47,0.01777860891244319,96,0,4,24
A2_REWARD_OFF,2,3,True,84,15.55,1.0,166,0.07874126449440894,13,7,11,71
A2_REWARD_OFF,2,4,True,68,13.9,1.0,143,0.07846785876632893,12,4,8,56
A2_REWARD_OFF,2,5,False,120,15.8,0.0,184,0.06171875774996927,36,4,11,84
A2_REWARD_OFF,2,6,True,102,18.150000000000002,1.0,193,0.0811597922686851,19,6,16,83
A2_REWARD_OFF,2,7,True,58,14.55,1.0,137,0.04888206995621259,3,0,5,55
A2_REWARD_OFF,2,8,False,120,-0.09999999999999998,0.0,47,0.008144601993792184,96,0,4,24
A2_REWARD_OFF,2,9,False,120,7.700000000000001,0.0,130,0.07443186882006092,62,11,12,58
A2_REWARD_OFF,2,10,False,120,8.950000000000001,0.0,121,0.026088439283279374,63,0,10,57
A2_REWARD_OFF,2,11,True,115,19.85,1.0,210,0.06936524471924185,23,5,13,92
A2_REWARD_OFF,2,12,False,120,8.9,0.0,120,0.01651896936263618,62,0,10,58
A2_REWARD_OFF,2,13,False,120,8.950000000000001,0.0,121,0.014405676362101723,63,0,10,57
A2_REWARD_OFF,2,14,False,120,2.7755575615628914e-17,0.0,48,0.010314165903616227,96,0,4,24
A2_REWARD_OFF,2,15,True,109,14.500000000000002,1.0,173,0.07880306370862712,36,10,12,73
A2_REWARD_OFF,2,16,True,80,15.600000000000001,1.0,158,0.06562885868246739,12,3,11,68
A2_REWARD_OFF,2,17,True,80,15.8,1.0,160,0.060954500348173866,12,3,11,68
A2_REWARD_OFF,2,18,False,120,-0.09999999999999998,0.0,47,0.007722898077918584,96,0,4,24
A2_REWARD_OFF,2,19,False,120,8.0,0.0,130,0.0664936520406396,60,10,12,60
A2_REWARD_OFF,2,20,True,80,15.8,1.0,160,0.05832272768732022,12,3,11,68
A2_REWARD_OFF,2,21,False,120,8.0,0.0,130,0.0652935102678031,60,10,12,60
A2_REWARD_OFF,2,22,False,120,8.0,0.0,130,0.06453499524659892,60,10,12,60
A2_REWARD_OFF,2,23,False,120,8.0,0.0,130,0.06396778365419009,60,10,12,60
A2_REWARD_OFF,2,24,False,120,8.950000000000001,0.0,121,0.013011323010625438,63,0,10,57
A2_REWARD_OFF,2,25,False,120,8.9,0.0,120,0.013727663695836443,62,0,10,58
A2_REWARD_OFF,2,26,False,120,-0.09999999999999998,0.0,47,0.007366928842616767,96,0,4,24
A2_REWARD_OFF,2,27,False,120,8.9,0.0,120,0.012727854253931135,62,0,10,58
A2_REWARD_OFF,2,28,False,120,8.0,0.0,130,0.06355684475358178,60,10,12,60
A2_REWARD_OFF,2,29,True,109,17.8,1.0,180,0.03349513163867775,24,0,13,85
A2_REWARD_OFF,3,0,False,120,8.5,0.0,140,0.09200260642286612,62,12,13,58
A2_REWARD_OFF,3,1,True,77,15.750000000000002,1.0,157,0.0759238894651696,7,3,6,70
A2_REWARD_OFF,3,2,False,120,7.950000000000001,0.0,130,0.07274387504343681,61,10,13,59
A2_REWARD_OFF,3,3,False,120,8.55,0.0,133,0.07651122304630675,59,9,9,61
A2_REWARD_OFF,3,4,False,120,9.3,0.0,141,0.07606282543001124,52,11,8,68
A2_REWARD_OFF,3,5,True,105,14.600000000000001,1.0,157,0.04681985963608739,42,0,7,63
A2_REWARD_OFF,3,6,True,83,15.750000000000002,1.0,157,0.04138908216510424,19,0,7,64
A2_REWARD_OFF,3,7,False,120,9.500000000000002,0.0,130,0.052533803808078,58,3,10,62
A2_REWARD_OFF,3,8,False,120,10.700000000000001,0.0,138,0.02420036593029765,62,0,7,58
A2_REWARD_OFF,3,9,False,120,8.100000000000001,0.0,130,0.061811200091990565,62,9,13,58
A2_REWARD_OFF,3,10,False,120,10.75,0.0,139,0.022562002716824413,63,0,7,57
A2_REWARD_OFF,3,11,False,120,10.75,0.0,139,0.020336611926985593,63,0,7,57
A2_REWARD_OFF,3,12,False,120,9.500000000000002,0.0,130,0.04253293270868913,58,3,10,62
A2_REWARD_OFF,3,13,False,120,8.200000000000001,0.0,128,0.076118156828007,64,7,14,56
A2_REWARD_OFF,3,14,False,120,9.05,0.0,141,0.06765448503462629,53,12,9,67
A2_REWARD_OFF,3,15,False,120,7.500000000000001,0.0,127,0.06620652292400205,64,10,13,56
A2_REWARD_OFF,3,16,False,120,9.250000000000002,0.0,141,0.06657868910550137,53,11,9,67
A2_REWARD_OFF,3,17,False,120,10.75,0.0,139,0.019458641404031727,63,0,7,57
A2_REWARD_OFF,3,18,False,120,10.700000000000001,0.0,138,0.019259707350639154,62,0,7,58
A2_REWARD_OFF,3,19,False,120,10.700000000000001,0.0,138,0.019272528401237107,62,0,7,58
A2_REWARD_OFF,3,20,False,120,9.250000000000002,0.0,141,0.0663289784732762,53,11,9,67
A2_REWARD_OFF,3,21,False,120,10.75,0.0,139,0.01771896256013195,63,0,7,57
A2_REWARD_OFF,3,22,False,120,10.700000000000001,0.0,138,0.018377698661835227,62,0,7,58
A2_REWARD_OFF,3,23,False,120,7.9,0.0,127,0.05873353701785502,64,8,13,56
A2_REWARD_OFF,3,24,False,120,8.100000000000001,0.0,130,0.06370339586794506,62,9,13,58
A2_REWARD_OFF,3,25,False,120,8.100000000000001,0.0,130,0.0623730070393224,62,9,13,58
A2_REWARD_OFF,3,26,False,120,9.250000000000002,0.0,141,0.06549577879070688,53,11,9,67
A2_REWARD_OFF,3,27,False,120,8.100000000000001,0.0,130,0.061631459829574534,62,9,13,58
A2_REWARD_OFF,3,28,False,120,10.700000000000001,0.0,138,0.017720106138994725,62,0,7,58
A2_REWARD_OFF,3,29,True,70,16.55,1.0,157,0.0351076897551266,3,0,5,67
A2_REWARD_OFF,4,0,True,64,13.05,1.0,134,0.10391386763038549,7,5,11,57
A2_REWARD_OFF,4,1,True,69,14.8,1.0,143,0.0620818517683362,10,0,8,59
A2_REWARD_OFF,4,2,True,69,14.8,1.0,143,0.04518282769159658,10,0,8,59
A2_REWARD_OFF,4,3,False,120,9.3,0.0,142,0.08163609823299948,58,10,11,62
A2_REWARD_OFF,4,4,False,120,8.200000000000001,0.0,130,0.0696535627664676,60,9,11,60
A2_REWARD_OFF,4,5,False,120,14.9,0.0,178,0.06532598322416787,38,5,10,82
A2_REWARD_OFF,4,6,True,69,14.8,1.0,143,0.03502871792437113,10,0,8,59
A2_REWARD_OFF,4,7,False,120,9.350000000000001,0.0,137,0.060054300892369704,59,7,11,61
A2_REWARD_OFF,4,8,False,120,7.950000000000001,0.0,130,0.08074220358134424,57,11,10,63
A2_REWARD_OFF,4,9,False,120,9.100000000000001,0.0,142,0.07428915059627102,54,12,11,66
A2_REWARD_OFF,4,10,False,120,9.700000000000001,0.0,142,0.06633708506470991,54,9,10,66
A2_REWARD_OFF,4,11,False,120,9.15,0.0,142,0.07177319357217313,53,12,9,67
A2_REWARD_OFF,4,12,False,120,9.3,0.0,142,0.06661433589010998,54,11,10,66
A2_REWARD_OFF,4,13,False,120,8.750000000000002,0.0,131,0.06263522889338322,59,7,10,61
A2_REWARD_OFF,4,14,False,120,9.55,0.0,142,0.06562693679047904,53,10,9,67
A2_REWARD_OFF,4,15,False,120,9.350000000000001,0.0,142,0.06634734043222863,53,11,9,67
A2_REWARD_OFF,4,16,False,120,8.9,0.0,130,0.05680528446894914,58,6,10,62
A2_REWARD_OFF,4,17,True,69,14.8,1.0,143,0.03490776280903907,10,0,8,59
A2_REWARD_OFF,4,18,False,120,8.450000000000001,0.0,130,0.0584316353333898,59,8,11,61
A2_REWARD_OFF,4,19,False,120,8.5,0.0,130,0.05659112981463673,58,8,10,62
A2_REWARD_OFF,4,20,False,120,9.5,0.0,142,0.06322969088827106,54,10,10,66
A2_REWARD_OFF,4,21,False,120,8.250000000000002,0.0,130,0.05809540318353024,59,9,10,61
A2_REWARD_OFF,4,22,True,69,14.8,1.0,143,0.03299179156037451,10,0,8,59
A2_REWARD_OFF,4,23,False,120,9.350000000000001,0.0,142,0.0657697604189261,53,11,9,67
A2_REWARD_OFF,4,24,False,120,9.5,0.0,142,0.06300697403961227,54,10,10,66
A2_REWARD_OFF,4,25,True,69,14.8,1.0,143,0.031686519530558906,10,0,8,59
A2_REWARD_OFF,4,26,False,120,8.9,0.0,130,0.05079810520165296,58,6,10,62
A2_REWARD_OFF,4,27,False,120,8.450000000000001,0.0,130,0.05569395066741932,59,8,11,61
A2_REWARD_OFF,4,28,False,120,8.5,0.0,130,0.053674728913133886,58,8,10,62
A2_REWARD_OFF,4,29,True,69,14.8,1.0,143,0.030781315442823858,10,0,8,59
A2_REWARD_OFF,5,0,False,120,8.5,0.0,140,0.09200260642286612,62,12,13,58
A2_REWARD_OFF,5,1,True,77,15.750000000000002,1.0,157,0.07584143223985525,7,3,6,70
A2_REWARD_OFF,5,2,True,71,16.35,1.0,157,0.051791835018840236,3,1,5,68
A2_REWARD_OFF,5,3,True,70,16.55,1.0,157,0.03701773159151365,3,0,5,67
A2_REWARD_OFF,5,4,False,120,9.15,0.0,142,0.08120654366367537,57,11,10,63
A2_REWARD_OFF,5,5,True,70,16.55,1.0,157,0.03174854646177109,3,0,5,67
A2_REWARD_OFF,5,6,False,120,10.450000000000001,0.0,142,0.05768484493604416,51,6,8,69
A2_REWARD_OFF,5,7,False,120,7.15,0.0,127,0.08810379907745892,63,12,14,57
A2_REWARD_OFF,5,8,False,120,9.850000000000001,0.0,142,0.059261342765075865,51,9,8,69
A2_REWARD_OFF,5,9,False,120,8.8,0.0,139,0.07474444729618308,58,11,11,62
A2_REWARD_OFF,5,10,False,120,8.700000000000001,0.0,130,0.05960736683545446,58,7,10,62
A2_REWARD_OFF,5,11,True,99,14.850000000000001,1.0,156,0.041780855750285624,35,0,7,64
A2_REWARD_OFF,5,12,False,120,9.9,0.0,142,0.057286396287326694,54,8,10,66
A2_REWARD_OFF,5,13,True,83,15.750000000000002,1.0,157,0.0404216405460759,19,0,7,64
A2_REWARD_OFF,5,14,False,120,7.500000000000001,0.0,127,0.0688854548560196,64,10,14,56
A2_REWARD_OFF,5,15,False,120,9.55,0.0,136,0.05448622819697967,57,6,10,63
A2_REWARD_OFF,5,16,True,70,16.55,1.0,157,0.028262626674812275,3,0,5,67
A2_REWARD_OFF,5,17,False,120,9.350000000000001,0.0,136,0.052812597699168316,57,7,10,63
A2_REWARD_OFF,5,18,False,120,9.350000000000001,0.0,136,0.051555691073744296,57,7,10,63
A2_REWARD_OFF,5,19,False,120,0.30000000000000016,0.0,50,0.013296268430790022,94,0,3,26
A2_REWARD_OFF,5,20,False,120,0.30000000000000016,0.0,50,0.00784716998554135,94,0,3,26
A2_REWARD_OFF,5,21,False,120,8.700000000000001,0.0,130,0.05109284790839356,58,7,10,62
A2_REWARD_OFF,5,22,False,120,10.75,0.0,139,0.02562733292235327,63,0,7,57
A2_REWARD_OFF,5,23,False,120,0.30000000000000016,0.0,50,0.006956473205744195,94,0,3,26
A2_REWARD_OFF,5,24,False,120,10.700000000000001,0.0,138,0.02122727463225404,62,0,7,58
A2_REWARD_OFF,5,25,False,120,10.700000000000001,0.0,138,0.020097357025038568,62,0,7,58
A2_REWARD_OFF,5,26,False,120,0.30000000000000016,0.0,50,0.0064877417466762555,94,0,3,26
A2_REWARD_OFF,5,27,False,120,7.500000000000001,0.0,127,0.06649251324234376,64,10,14,56
A2_REWARD_OFF,5,28,False,120,7.500000000000001,0.0,127,0.06538076923140966,64,10,14,56
A2_REWARD_OFF,5,29,False,120,10.100000000000001,0.0,142,0.04804275970595724,54,7,9,66
A2_REWARD_OFF,6,0,False,120,10.0,0.0,138,0.06748794684281378,52,6,8,68
A2_REWARD_OFF,6,1,False,120,7.900000000000001,0.0,126,0.06679571648976976,58,9,8,62
A2_REWARD_OFF,6,2,True,63,13.5,1.0,138,0.10049634268305069,6,5,14,57
A2_REWARD_OFF,6,3,True,66,15.3,1.0,147,0.05952453127012185,8,0,10,58
A2_REWARD_OFF,6,4,False,120,9.200000000000001,0.0,127,0.049159599276677735,58,3,8,62
A2_REWARD_OFF,6,5,False,120,9.500000000000002,0.0,143,0.08309351892665756,56,10,10,64
A2_REWARD_OFF,6,6,True,103,13.05,1.0,151,0.0756360401152444,41,5,9,62
A2_REWARD_OFF,6,7,False,120,9.200000000000001,0.0,127,0.03857030081695001,58,3,8,62
A2_REWARD_OFF,6,8,False,120,9.200000000000001,0.0,127,0.034419422965988176,58,3,8,62
A2_REWARD_OFF,6,9,False,120,8.15,0.0,131,0.07260765300985397,63,9,12,57
A2_REWARD_OFF,6,10,True,102,14.950000000000001,1.0,170,0.08066233261934146,25,9,10,77
A2_REWARD_OFF,6,11,True,79,15.500000000000002,1.0,160,0.07442501037407563,14,4,12,65
A2_REWARD_OFF,6,12,False,120,14.450000000000001,0.0,176,0.0626464991467335,35,7,13,85
A2_REWARD_OFF,6,13,True,62,14.600000000000001,1.0,147,0.08245736658701049,6,4,8,56
A2_REWARD_OFF,6,14,True,61,14.8,1.0,147,0.07304814573340726,6,3,8,55
A2_REWARD_OFF,6,15,True,115,14.3,1.0,171,0.0729327115649555,36,10,9,79
A2_REWARD_OFF,6,16,True,120,16.55,1.0,188,0.06664824519470734,33,8,10,87
A2_REWARD_OFF,6,17,False,120,14.500000000000002,0.0,178,0.06169636319169151,34,8,14,86
A2_REWARD_OFF,6,18,False,120,14.500000000000002,0.0,178,0.06032965366288159,34,8,14,86
A2_REWARD_OFF,6,19,True,114,16.650000000000002,1.0,187,0.06339750054391176,29,8,11,85
A2_REWARD_OFF,6,20,True,116,16.200000000000003,1.0,187,0.06953410465732611,30,10,10,86
A2_REWARD_OFF,6,21,False,120,9.15,0.0,126,0.032715057234616624,57,3,8,63
A2_REWARD_OFF,6,22,False,120,9.15,0.0,126,0.031331010635724264,57,3,8,63
A2_REWARD_OFF,6,23,False,120,15.05,0.0,174,0.0409448752310053,39,2,13,81
A2_REWARD_OFF,6,24,True,115,16.400000000000002,1.0,187,0.0666675345904528,30,9,10,85
A2_REWARD_OFF,6,25,True,119,16.5,1.0,189,0.06469731624412763,32,9,12,87
A2_REWARD_OFF,6,26,True,118,16.75,1.0,189,0.062498077748034064,31,8,12,87
A2_REWARD_OFF,6,27,False,120,7.750000000000001,0.0,126,0.04955591272644277,57,10,8,63
A2_REWARD_OFF,6,28,False,120,13.850000000000001,0.0,174,0.05137221107915076,39,8,13,81
A2_REWARD_OFF,6,29,False,120,9.3,0.0,126,0.03152914138946071,58,2,9,62
A2_REWARD_OFF,7,0,True,107,13.65,1.0,166,0.10782229800754757,39,10,12,68
A2_REWARD_OFF,7,1,False,120,10.0,0.0,138,0.06435558367027204,52,6,8,68
A2_REWARD_OFF,7,2,True,70,14.8,1.0,155,0.09287928373520361,6,7,13,64
A2_REWARD_OFF,7,3,False,120,7.750000000000001,0.0,125,0.06773109943731503,59,9,8,61
A2_REWARD_OFF,7,4,True,72,15.450000000000001,1.0,153,0.0787052967967138,5,3,10,67
A2_REWARD_OFF,7,5,False,120,-0.09999999999999998,0.0,47,0.015445152051495726,96,0,4,24
A2_REWARD_OFF,7,6,False,120,9.200000000000001,0.0,127,0.04639159280160989,58,3,8,62
A2_REWARD_OFF,7,7,True,69,14.600000000000001,1.0,148,0.09032449024446744,12,3,11,57
A2_REWARD_OFF,7,8,True,69,14.600000000000001,1.0,148,0.0748375429320811,12,3,11,57
A2_REWARD_OFF,7,9,False,120,-0.09999999999999998,0.0,47,0.007983739790532853,96,0,4,24
A2_REWARD_OFF,7,10,False,120,-0.09999999999999998,0.0,47,0.006586292471160141,96,0,4,24
A2_REWARD_OFF,7,11,True,64,15.850000000000001,1.0,153,0.06225904660633025,1,2,8,63
A2_REWARD_OFF,7,12,True,64,15.850000000000001,1.0,153,0.055461250988002635,1,2,8,63
A2_REWARD_OFF,7,13,True,64,15.850000000000001,1.0,153,0.052249497891747085,1,2,8,63
A2_REWARD_OFF,7,14,True,64,15.850000000000001,1.0,153,0.050196072441925615,1,2,8,63
A2_REWARD_OFF,7,15,True,69,14.600000000000001,1.0,148,0.07472950772161223,12,3,11,57
A2_REWARD_OFF,7,16,True,110,17.0,1.0,190,0.08614330574722223,28,8,13,82
A2_REWARD_OFF,7,17,True,64,15.850000000000001,1.0,153,0.04868573058942029,1,2,8,63
A2_REWARD_OFF,7,18,False,120,9.200000000000001,0.0,127,0.03802867268121409,58,3,8,62
A2_REWARD_OFF,7,19,True,66,15.750000000000002,1.0,153,0.0477245184162718,3,2,8,63
A2_REWARD_OFF,7,20,False,120,12.4,0.0,161,0.06418187679007117,50,6,14,70
A2_REWARD_OFF,7,21,False,120,0.10000000000000003,0.0,49,0.010020490895284796,96,0,4,24
A2_REWARD_OFF,7,22,True,68,15.65,1.0,153,0.045903999733565924,5,2,8,63
A2_REWARD_OFF,7,23,True,68,15.65,1.0,153,0.04465185087131966,5,2,8,63
A2_REWARD_OFF,7,24,False,120,0.10000000000000003,0.0,49,0.009799694669242999,96,0,4,24
A2_REWARD_OFF,7,25,False,120,0.10000000000000003,0.0,49,0.008880796437487428,96,0,4,24
A2_REWARD_OFF,7,26,True,69,14.600000000000001,1.0,148,0.07579689080375587,12,3,11,57
A2_REWARD_OFF,7,27,False,120,9.15,0.0,126,0.03502969555113764,57,3,8,63
A2_REWARD_OFF,7,28,False,120,9.3,0.0,126,0.0318452851837396,58,2,9,62
A2_REWARD_OFF,7,29,True,66,15.450000000000001,1.0,157,0.07598384670532232,5,5,10,61
A2_REWARD_OFF,8,0,False,120,10.0,0.0,138,0.06748794684281378,52,6,8,68
A2_REWARD_OFF,8,1,False,120,9.450000000000001,0.0,145,0.09156825726184474,57,11,11,63
A2_REWARD_OFF,8,2,False,120,7.900000000000001,0.0,126,0.06432066733387326,58,9,8,62
A2_REWARD_OFF,8,3,True,103,15.3,1.0,166,0.06417890049271735,30,4,9,73
A2_REWARD_OFF,8,4,True,93,14.65,1.0,158,0.06723698071652864,23,5,10,70
A2_REWARD_OFF,8,5,False,120,15.350000000000001,0.0,189,0.08055749797648,31,10,12,89
A2_REWARD_OFF,8,6,False,120,9.15,0.0,126,0.04586625403459466,57,3,8,63
A2_REWARD_OFF,8,7,True,117,13.600000000000001,1.0,170,0.08372736156944229,44,11,10,73
A2_REWARD_OFF,8,8,False,120,9.15,0.0,126,0.038268342942797434,57,3,8,63
A2_REWARD_OFF,8,9,False,120,9.200000000000001,0.0,127,0.038076866874789055,58,3,8,62
A2_REWARD_OFF,8,10,False,120,9.750000000000002,0.0,143,0.0730136919122322,55,9,11,65
A2_REWARD_OFF,8,11,True,65,14.05,1.0,144,0.0832092049212773,11,4,9,54
A2_REWARD_OFF,8,12,False,120,8.4,0.0,131,0.06009279499437857,62,8,11,58
A2_REWARD_OFF,8,13,True,79,15.750000000000002,1.0,158,0.06009167243726438,9,3,10,70
A2_REWARD_OFF,8,14,True,63,14.55,1.0,145,0.0738573271751227,7,3,10,56
A2_REWARD_OFF,8,15,True,81,15.65,1.0,158,0.05649723365151519,11,3,10,70
A2_REWARD_OFF,8,16,False,120,8.0,0.0,131,0.0648317979010995,62,10,13,58
A2_REWARD_OFF,8,17,True,81,15.65,1.0,158,0.0548657331330426,11,3,10,70
A2_REWARD_OFF,8,18,False,120,9.15,0.0,126,0.0331693269996569,57,3,8,63
A2_REWARD_OFF,8,19,False,120,8.100000000000001,0.0,130,0.062277052447370654,62,9,12,58
A2_REWARD_OFF,8,20,False,120,9.200000000000001,0.0,127,0.032357311261221565,58,3,8,62
A2_REWARD_OFF,8,21,False,120,7.9,0.0,126,0.04822159836721633,58,9,9,62
A2_REWARD_OFF,8,22,False,120,7.950000000000001,0.0,131,0.06675429234080343,63,10,12,57
A2_REWARD_OFF,8,23,False,120,7.950000000000001,0.0,131,0.06608845583719736,63,10,12,57
A2_REWARD_OFF,8,24,False,120,7.8500000000000005,0.0,130,0.06551120948195978,63,10,12,57
A2_REWARD_OFF,8,25,True,81,15.65,1.0,158,0.053742831972562764,11,3,10,70
A2_REWARD_OFF,8,26,True,81,15.65,1.0,158,0.052680605744590374,11,3,10,70
A2_REWARD_OFF,8,27,False,120,16.8,0.0,194,0.0562554460273681,28,6,12,92
A2_REWARD_OFF,8,28,False,120,9.3,0.0,126,0.03008220410098483,58,2,9,62
A2_REWARD_OFF,8,29,True,81,15.850000000000001,1.0,160,0.05195105997164633,11,3,10,70
A2_REWARD_OFF,9,0,True,116,16.0,1.0,173,0.055794880566097695,38,2,14,78
A2_REWARD_OFF,9,1,True,77,15.55,1.0,158,0.07915914128746988,13,3,10,64
A2_REWARD_OFF,9,2,True,77,13.4,1.0,146,0.08523882588794678,20,6,14,57
A2_REWARD_OFF,9,3,True,62,15.3,1.0,155,0.09762321672926519,4,5,9,58
A2_REWARD_OFF,9,4,True,62,15.3,1.0,155,0.08728716029892364,4,5,9,58
A2_REWARD_OFF,9,5,True,107,17.25,1.0,189,0.07777895749840906,29,6,13,78
A2_REWARD_OFF,9,6,True,71,16.05,1.0,159,0.061247376676979215,9,2,9,62
A2_REWARD_OFF,9,7,True,73,16.0,1.0,160,0.05395940655539625,12,2,9,61
A2_REWARD_OFF,9,8,False,120,7.8500000000000005,0.0,132,0.07957567838779857,63,11,13,57
A2_REWARD_OFF,9,9,True,107,17.05,1.0,185,0.07977093040611025,25,6,15,82
A2_REWARD_OFF,9,10,False,120,9.750000000000002,0.0,141,0.06865330677928429,55,8,8,65
A2_REWARD_OFF,9,11,True,88,17.3,1.0,169,0.04973678724106432,12,0,12,76
A2_REWARD_OFF,9,12,True,64,14.8,1.0,152,0.08273851342187079,4,6,11,60
A2_REWARD_OFF,9,13,False,120,8.450000000000001,0.0,130,0.06182176145520135,59,8,12,61
A2_REWARD_OFF,9,14,False,120,9.200000000000001,0.0,141,0.07514819809636857,54,11,8,66
A2_REWARD_OFF,9,15,True,71,16.05,1.0,159,0.05345397268279616,9,2,9,62
A2_REWARD_OFF,9,16,False,120,9.15,0.0,141,0.06985473649192567,55,11,9,65
A2_REWARD_OFF,9,17,True,71,16.05,1.0,159,0.053253990824089055,9,2,9,62
A2_REWARD_OFF,9,18,True,71,16.05,1.0,159,0.051182323819161685,9,2,9,62
A2_REWARD_OFF,9,19,False,120,7.8500000000000005,0.0,132,0.07000776641214458,63,11,13,57
A2_REWARD_OFF,9,20,False,120,8.8,0.0,130,0.049791630545026166,60,6,12,60
A2_REWARD_OFF,9,21,True,81,13.350000000000001,1.0,150,0.11243619462550308,29,6,13,52
A2_REWARD_OFF,9,22,False,120,7.8500000000000005,0.0,132,0.06863975429994844,63,11,13,57
A2_REWARD_OFF,9,23,True,73,16.0,1.0,160,0.04803682631669802,12,2,9,61
A2_REWARD_OFF,9,24,False,120,8.450000000000001,0.0,130,0.0695840322600054,59,8,10,61
A2_REWARD_OFF,9,25,True,81,13.350000000000001,1.0,150,0.09113089603935459,29,6,13,52
A2_REWARD_OFF,9,26,True,71,16.05,1.0,159,0.05036796298202844,9,2,9,62
A2_REWARD_OFF,9,27,False,120,8.8,0.0,130,0.04789934339241817,60,6,12,60
A2_REWARD_OFF,9,28,True,73,16.0,1.0,160,0.046739853810892136,12,2,9,61
A2_REWARD_OFF,9,29,False,120,17.85,0.0,198,0.05900827327567291,35,1,12,85
