experiment,suite,environment,phase,metric,target,baseline,paired_seed_count,target_mean,baseline_mean,paired_mean_difference,ci95_low,ci95_high,effect_size_dz,p_value,oracle_excluded,p_value_holm
transfer,transfer,opaque_dependency_l6,adaptation,success,full_transfer,from_scratch_contextual_policy,30,0.10441176470588236,0.09068627450980392,0.013725490196078431,-0.023333333333333334,0.05612745098039216,0.12333361631675312,0.5151242437878106,True,1.0
transfer,transfer,opaque_dependency_l6,adaptation,steps,full_transfer,from_scratch_contextual_policy,30,6.0,6.0,0.0,0.0,0.0,0.0,1.0,True,1.0
transfer,transfer,opaque_dependency_l6,adaptation,reward,full_transfer,from_scratch_contextual_policy,30,0.10441176470588236,0.09068627450980392,0.013725490196078431,-0.021862745098039215,0.05588235294117647,0.12333361631675312,0.5193740312984351,True,1.0
transfer,transfer,opaque_dependency_l6,adaptation,errors,full_transfer,from_scratch_contextual_policy,30,0.0,0.0,0.0,0.0,0.0,0.0,1.0,True,1.0
transfer,transfer,opaque_dependency_l6,adaptation,repeats,full_transfer,from_scratch_contextual_policy,30,0.0,0.0,0.0,0.0,0.0,0.0,1.0,True,1.0
transfer,transfer,opaque_dependency_l6,adaptation,prediction_score,full_transfer,from_scratch_contextual_policy,30,0.9052532679738563,0.0,0.9052532679738563,0.9020751633986929,0.9083088235294118,101.21338167622457,4.999750012499375e-05,True,0.000199990000499975
transfer,transfer,opaque_dependency_l6,adaptation,holdout_score,full_transfer,from_scratch_contextual_policy,30,0.2469669117647059,0.0,0.2469669117647059,0.24640803717320262,0.24752450980392157,155.5360403732802,4.999750012499375e-05,True,0.000199990000499975
transfer,transfer,opaque_dependency_l6,adaptation,holdout_gain,full_transfer,from_scratch_contextual_policy,30,8.859272875816992e-05,0.0,8.859272875816992e-05,5.208333333333332e-05,0.00012765522875816994,0.8350997948243992,0.000199990000499975,True,0.000199990000499975
transfer,transfer,opaque_dependency_l6,adaptation,imagined_nodes,full_transfer,from_scratch_contextual_policy,30,98.28426470588235,0.0,98.28426470588235,94.76156862745098,102.05563725490197,9.590782192085864,4.999750012499375e-05,True,0.000199990000499975
transfer,transfer,opaque_dependency_l6,adaptation,imagination_depth,full_transfer,from_scratch_contextual_policy,30,4.8595098039215685,0.0,4.8595098039215685,4.794509803921569,4.921127450980392,27.276946700436543,4.999750012499375e-05,True,0.000199990000499975
transfer,transfer,opaque_dependency_l6,adaptation,actual_return,full_transfer,from_scratch_contextual_policy,30,0.10441176470588236,0.09068627450980392,0.013725490196078431,-0.023088235294117646,0.05495098039215686,0.12333361631675312,0.5183740812959352,True,1.0
transfer,transfer,opaque_dependency_l6,adaptation,runtime_seconds,full_transfer,from_scratch_contextual_policy,30,0.0036898103823848802,0.0003855910735314954,0.0033042193088533844,0.003182522553929719,0.0034097003529799017,10.118569742106574,4.999750012499375e-05,True,0.000199990000499975
transfer,transfer,opaque_dependency_l6,adaptation,real_transitions,full_transfer,from_scratch_contextual_policy,30,6.0,6.0,0.0,0.0,0.0,0.0,1.0,True,1.0
transfer,transfer,opaque_dependency_l6,adaptation,imagined_transitions,full_transfer,from_scratch_contextual_policy,30,98.28426470588235,0.0,98.28426470588235,94.71921568627451,102.05632352941176,9.590782192085864,4.999750012499375e-05,True,0.000199990000499975
transfer,transfer,opaque_dependency_l6,adaptation,action_proposals,full_transfer,from_scratch_contextual_policy,30,6.0,6.0,0.0,0.0,0.0,0.0,1.0,True,1.0
transfer,transfer,opaque_dependency_l6,adaptation,repeat_rate,full_transfer,from_scratch_contextual_policy,30,0.0,0.0,0.0,0.0,0.0,0.0,1.0,True,1.0
transfer,transfer,opaque_dependency_l6,adaptation,error_rate,full_transfer,from_scratch_contextual_policy,30,0.0,0.0,0.0,0.0,0.0,0.0,1.0,True,1.0
transfer,transfer,opaque_dependency_l6,adaptation,success,full_transfer,from_scratch_full_aassr,30,0.10441176470588236,0.08803921568627451,0.01637254901960784,-0.022892156862745098,0.053039215686274496,0.15154057571315355,0.41317934103294834,True,1.0
transfer,transfer,opaque_dependency_l6,adaptation,steps,full_transfer,from_scratch_full_aassr,30,6.0,6.0,0.0,0.0,0.0,0.0,1.0,True,1.0
transfer,transfer,opaque_dependency_l6,adaptation,reward,full_transfer,from_scratch_full_aassr,30,0.10441176470588236,0.08803921568627451,0.01637254901960784,-0.021225490196078434,0.05480392156862745,0.15154057571315355,0.41447927603619816,True,1.0
transfer,transfer,opaque_dependency_l6,adaptation,errors,full_transfer,from_scratch_full_aassr,30,0.0,0.0,0.0,0.0,0.0,0.0,1.0,True,1.0
transfer,transfer,opaque_dependency_l6,adaptation,repeats,full_transfer,from_scratch_full_aassr,30,0.0,0.0,0.0,0.0,0.0,0.0,1.0,True,1.0
transfer,transfer,opaque_dependency_l6,adaptation,prediction_score,full_transfer,from_scratch_full_aassr,30,0.9052532679738563,0.9020506535947711,0.003202614379085067,-0.0006209150326796142,0.006691176470588319,0.3106079656916984,0.09989500524973752,True,0.2434378281085946
transfer,transfer,opaque_dependency_l6,adaptation,holdout_score,full_transfer,from_scratch_full_aassr,30,0.2469669117647059,0.22081611958396302,0.026150792180742857,0.02525982022976954,0.02700684855608188,10.475078248681717,4.999750012499375e-05,True,0.000199990000499975
transfer,transfer,opaque_dependency_l6,adaptation,holdout_gain,full_transfer,from_scratch_full_aassr,30,8.859272875816992e-05,0.0007321001438648498,-0.0006435074151066798,-0.0007677112511671336,-0.0005221334470721725,-1.8646138059748476,4.999750012499375e-05,True,0.000199990000499975
transfer,transfer,opaque_dependency_l6,adaptation,imagined_nodes,full_transfer,from_scratch_full_aassr,30,98.28426470588235,100.78769607843137,-2.503431372549019,-6.580098039215685,1.6304411764705908,-0.21309707770156475,0.2522373881305935,True,0.504474776261187
transfer,transfer,opaque_dependency_l6,adaptation,imagination_depth,full_transfer,from_scratch_full_aassr,30,4.8595098039215685,4.8606372549019605,-0.0011274509803920493,-0.07274509803921557,0.06740196078431374,-0.005696682101596039,0.976251187440628,True,1.0
transfer,transfer,opaque_dependency_l6,adaptation,actual_return,full_transfer,from_scratch_full_aassr,30,0.10441176470588236,0.08803921568627451,0.01637254901960784,-0.022254901960784317,0.052941176470588235,0.15154057571315355,0.41647917604119794,True,1.0
transfer,transfer,opaque_dependency_l6,adaptation,runtime_seconds,full_transfer,from_scratch_full_aassr,30,0.0036898103823848802,0.0033395192549676937,0.00035029112741718636,0.00023217034289058682,0.00046441305394646237,1.0652040048637774,4.999750012499375e-05,True,0.000199990000499975
transfer,transfer,opaque_dependency_l6,adaptation,real_transitions,full_transfer,from_scratch_full_aassr,30,6.0,6.0,0.0,0.0,0.0,0.0,1.0,True,1.0
transfer,transfer,opaque_dependency_l6,adaptation,imagined_transitions,full_transfer,from_scratch_full_aassr,30,98.28426470588235,100.78769607843137,-2.503431372549019,-6.584754901960784,1.5967647058823522,-0.21309707770156475,0.25393730313484325,True,0.5078746062696865
transfer,transfer,opaque_dependency_l6,adaptation,action_proposals,full_transfer,from_scratch_full_aassr,30,6.0,6.0,0.0,0.0,0.0,0.0,1.0,True,1.0
transfer,transfer,opaque_dependency_l6,adaptation,repeat_rate,full_transfer,from_scratch_full_aassr,30,0.0,0.0,0.0,0.0,0.0,0.0,1.0,True,1.0
transfer,transfer,opaque_dependency_l6,adaptation,error_rate,full_transfer,from_scratch_full_aassr,30,0.0,0.0,0.0,0.0,0.0,0.0,1.0,True,1.0
transfer,transfer,opaque_dependency_l6,adaptation,success,full_transfer,policy_reset_effect_retained,30,0.10441176470588236,0.10137254901960784,0.00303921568627451,-0.01941176470588235,0.025980392156862743,0.0461310686251966,0.8024098795060247,True,1.0
transfer,transfer,opaque_dependency_l6,adaptation,steps,full_transfer,policy_reset_effect_retained,30,6.0,6.0,0.0,0.0,0.0,0.0,1.0,True,1.0
transfer,transfer,opaque_dependency_l6,adaptation,reward,full_transfer,policy_reset_effect_retained,30,0.10441176470588236,0.10137254901960784,0.00303921568627451,-0.020196078431372548,0.02656862745098039,0.0461310686251966,0.8027598620068996,True,1.0
transfer,transfer,opaque_dependency_l6,adaptation,errors,full_transfer,policy_reset_effect_retained,30,0.0,0.0,0.0,0.0,0.0,0.0,1.0,True,1.0
transfer,transfer,opaque_dependency_l6,adaptation,repeats,full_transfer,policy_reset_effect_retained,30,0.0,0.0,0.0,0.0,0.0,0.0,1.0,True,1.0
transfer,transfer,opaque_dependency_l6,adaptation,prediction_score,full_transfer,policy_reset_effect_retained,30,0.9052532679738563,0.9027696078431372,0.002483660130719086,-0.0014133986928103193,0.006192810457516503,0.23422515874131955,0.2055897205139743,True,0.2434378281085946
transfer,transfer,opaque_dependency_l6,adaptation,holdout_score,full_transfer,policy_reset_effect_retained,30,0.2469669117647059,0.21823535216323636,0.028731559601469506,0.027689651849787816,0.029891605163082504,9.243093646794868,4.999750012499375e-05,True,0.000199990000499975
transfer,transfer,opaque_dependency_l6,adaptation,holdout_gain,full_transfer,policy_reset_effect_retained,30,8.859272875816992e-05,0.0006055004272793626,-0.0005169076985211926,-0.0006495164873733212,-0.00039083083070972345,-1.4013477496387794,4.999750012499375e-05,True,0.000199990000499975
transfer,transfer,opaque_dependency_l6,adaptation,imagined_nodes,full_transfer,policy_reset_effect_retained,30,98.28426470588235,98.09980392156862,0.18446078431372495,-2.021911764705883,2.5642156862745082,0.02850445296467618,0.8768561571921404,True,0.8768561571921404
transfer,transfer,opaque_dependency_l6,adaptation,imagination_depth,full_transfer,policy_reset_effect_retained,30,4.8595098039215685,4.850196078431372,0.009313725490196222,-0.043480392156862606,0.060539215686274635,0.062263781669465966,0.7326633668316584,True,1.0
transfer,transfer,opaque_dependency_l6,adaptation,actual_return,full_transfer,policy_reset_effect_retained,30,0.10441176470588236,0.10137254901960784,0.00303921568627451,-0.020833333333333332,0.02607843137254902,0.0461310686251966,0.8022598870056498,True,1.0
transfer,transfer,opaque_dependency_l6,adaptation,runtime_seconds,full_transfer,policy_reset_effect_retained,30,0.0036898103823848802,0.003274106651946318,0.000415703730438562,0.00035423743120690257,0.00047581642671823784,2.443629888027125,4.999750012499375e-05,True,0.000199990000499975
transfer,transfer,opaque_dependency_l6,adaptation,real_transitions,full_transfer,policy_reset_effect_retained,30,6.0,6.0,0.0,0.0,0.0,0.0,1.0,True,1.0
transfer,transfer,opaque_dependency_l6,adaptation,imagined_transitions,full_transfer,policy_reset_effect_retained,30,98.28426470588235,98.09980392156862,0.18446078431372495,-2.1227941176470613,2.472696078431372,0.02850445296467618,0.8771561421928904,True,0.8771561421928904
transfer,transfer,opaque_dependency_l6,adaptation,action_proposals,full_transfer,policy_reset_effect_retained,30,6.0,6.0,0.0,0.0,0.0,0.0,1.0,True,1.0
transfer,transfer,opaque_dependency_l6,adaptation,repeat_rate,full_transfer,policy_reset_effect_retained,30,0.0,0.0,0.0,0.0,0.0,0.0,1.0,True,1.0
transfer,transfer,opaque_dependency_l6,adaptation,error_rate,full_transfer,policy_reset_effect_retained,30,0.0,0.0,0.0,0.0,0.0,0.0,1.0,True,1.0
transfer,transfer,opaque_dependency_l6,adaptation,success,full_transfer,policy_reset_prophecy_retained,30,0.10441176470588236,0.10740196078431373,-0.0029901960784313713,-0.02696078431372549,0.02230392156862745,-0.04221510977816501,0.8192590370481476,True,1.0
transfer,transfer,opaque_dependency_l6,adaptation,steps,full_transfer,policy_reset_prophecy_retained,30,6.0,6.0,0.0,0.0,0.0,0.0,1.0,True,1.0
transfer,transfer,opaque_dependency_l6,adaptation,reward,full_transfer,policy_reset_prophecy_retained,30,0.10441176470588236,0.10740196078431373,-0.0029901960784313713,-0.027450980392156862,0.02127450980392157,-0.04221510977816501,0.8215589220538974,True,1.0
transfer,transfer,opaque_dependency_l6,adaptation,errors,full_transfer,policy_reset_prophecy_retained,30,0.0,0.0,0.0,0.0,0.0,0.0,1.0,True,1.0
transfer,transfer,opaque_dependency_l6,adaptation,repeats,full_transfer,policy_reset_prophecy_retained,30,0.0,0.0,0.0,0.0,0.0,0.0,1.0,True,1.0
transfer,transfer,opaque_dependency_l6,adaptation,prediction_score,full_transfer,policy_reset_prophecy_retained,30,0.9052532679738563,0.9018055555555554,0.003447712418300745,-0.0002287581699345953,0.006830065359477178,0.33568971664528896,0.08114594270286486,True,0.2434378281085946
transfer,transfer,opaque_dependency_l6,adaptation,holdout_score,full_transfer,policy_reset_prophecy_retained,30,0.2469669117647059,0.22079199166927002,0.02617492009543585,0.02538336421288727,0.026936786179892893,11.92323152389196,4.999750012499375e-05,True,0.000199990000499975
transfer,transfer,opaque_dependency_l6,adaptation,holdout_gain,full_transfer,policy_reset_prophecy_retained,30,8.859272875816992e-05,0.0007014080237119452,-0.0006128152949537753,-0.0007439088292335841,-0.00048675770489495983,-1.7014471044474841,4.999750012499375e-05,True,0.000199990000499975
transfer,transfer,opaque_dependency_l6,adaptation,imagined_nodes,full_transfer,policy_reset_prophecy_retained,30,98.28426470588235,101.53803921568627,-3.253774509803923,-5.475245098039218,-1.1046568627451014,-0.5274358911823308,0.006249687515624219,True,0.018749062546872655
transfer,transfer,opaque_dependency_l6,adaptation,imagination_depth,full_transfer,policy_reset_prophecy_retained,30,4.8595098039215685,4.8910294117647055,-0.03151960784313722,-0.08343137254901958,0.012696078431372637,-0.2338485034520208,0.2189890505474726,True,0.6569671516424178
transfer,transfer,opaque_dependency_l6,adaptation,actual_return,full_transfer,policy_reset_prophecy_retained,30,0.10441176470588236,0.10740196078431373,-0.0029901960784313713,-0.02764705882352941,0.02156862745098039,-0.04221510977816501,0.8196590170491476,True,1.0
transfer,transfer,opaque_dependency_l6,adaptation,runtime_seconds,full_transfer,policy_reset_prophecy_retained,30,0.0036898103823848802,0.003333610936144182,0.000356199446240698,0.0003028954805503257,0.00040777401972103266,2.374333563036744,4.999750012499375e-05,True,0.000199990000499975
transfer,transfer,opaque_dependency_l6,adaptation,real_transitions,full_transfer,policy_reset_prophecy_retained,30,6.0,6.0,0.0,0.0,0.0,0.0,1.0,True,1.0
transfer,transfer,opaque_dependency_l6,adaptation,imagined_transitions,full_transfer,policy_reset_prophecy_retained,30,98.28426470588235,101.53803921568627,-3.253774509803923,-5.435833333333337,-1.2135294117647077,-0.5274358911823308,0.006149692515374231,True,0.018449077546122693
transfer,transfer,opaque_dependency_l6,adaptation,action_proposals,full_transfer,policy_reset_prophecy_retained,30,6.0,6.0,0.0,0.0,0.0,0.0,1.0,True,1.0
transfer,transfer,opaque_dependency_l6,adaptation,repeat_rate,full_transfer,policy_reset_prophecy_retained,30,0.0,0.0,0.0,0.0,0.0,0.0,1.0,True,1.0
transfer,transfer,opaque_dependency_l6,adaptation,error_rate,full_transfer,policy_reset_prophecy_retained,30,0.0,0.0,0.0,0.0,0.0,0.0,1.0,True,1.0
transfer,transfer,opaque_dependency_l6,adaptation_curve,adaptation_auc,full_transfer,from_scratch_contextual_policy,30,0.1353515625,0.11682942708333334,0.018522135416666665,-0.0287109375,0.07373046875,0.12883020221684718,0.5148242587870606,True,1.0
transfer,transfer,opaque_dependency_l6,adaptation_curve,transfer_gain_vs_from_scratch,full_transfer,from_scratch_contextual_policy,30,0.014908854166666667,-0.00361328125,0.018522135416666665,-0.027473958333333333,0.07366536458333334,0.12883020221684718,0.5064746762661867,True,1.0
transfer,transfer,opaque_dependency_l6,adaptation_curve,unseen_prediction_calibration_error,full_transfer,from_scratch_contextual_policy,30,0.6943055555555555,0.06333333333333332,0.6309722222222223,0.5975,0.6615277777777777,6.9390841384333815,4.999750012499375e-05,True,0.000199990000499975
transfer,transfer,opaque_dependency_l6,adaptation_curve,adaptation_auc,full_transfer,from_scratch_full_aassr,30,0.1353515625,0.12044270833333333,0.014908854166666667,-0.034440104166666666,0.06435546875,0.10850380304141861,0.5578721063946802,True,1.0
transfer,transfer,opaque_dependency_l6,adaptation_curve,transfer_gain_vs_from_scratch,full_transfer,from_scratch_full_aassr,30,0.014908854166666667,0.0,0.014908854166666667,-0.03359375,0.06324869791666667,0.10850380304141861,0.5591220438978051,True,1.0
transfer,transfer,opaque_dependency_l6,adaptation_curve,unseen_prediction_calibration_error,full_transfer,from_scratch_full_aassr,30,0.6943055555555555,0.6868055555555556,0.007500000000000012,-0.028194444444444446,0.043194444444444445,0.07432932721325977,0.6934653267336633,True,1.0
transfer,transfer,opaque_dependency_l6,adaptation_curve,adaptation_auc,full_transfer,policy_reset_effect_retained,30,0.1353515625,0.13134765625,0.00400390625,-0.02705078125,0.034765625,0.04540880848037233,0.8123593820308984,True,1.0
transfer,transfer,opaque_dependency_l6,adaptation_curve,episodes_to_50,full_transfer,policy_reset_effect_retained,2,40.0,40.0,0.0,0.0,0.0,0.0,1.0,True,1.0
transfer,transfer,opaque_dependency_l6,adaptation_curve,transfer_gain_vs_from_scratch,full_transfer,policy_reset_effect_retained,30,0.014908854166666667,0.010904947916666666,0.00400390625,-0.0265625,0.03583984375,0.04540880848037233,0.8154092295385231,True,1.0
transfer,transfer,opaque_dependency_l6,adaptation_curve,unseen_prediction_calibration_error,full_transfer,policy_reset_effect_retained,30,0.6943055555555555,0.6877777777777777,0.006527777777777779,-0.018055555555555557,0.030277777777777782,0.09750144482570053,0.608119594020299,True,1.0
transfer,transfer,opaque_dependency_l6,adaptation_curve,adaptation_auc,full_transfer,policy_reset_prophecy_retained,30,0.1353515625,0.13916015625,-0.00380859375,-0.0375,0.0294921875,-0.03934208800003084,0.8387580620968952,True,1.0
transfer,transfer,opaque_dependency_l6,adaptation_curve,episodes_to_50,full_transfer,policy_reset_prophecy_retained,2,16.0,64.0,-48.0,-48.0,-48.0,0.0,0.5,True,1.0
transfer,transfer,opaque_dependency_l6,adaptation_curve,transfer_gain_vs_from_scratch,full_transfer,policy_reset_prophecy_retained,30,0.014908854166666667,0.018717447916666668,-0.00380859375,-0.037109375,0.030078125,-0.03934208800003084,0.8326583670816459,True,1.0
transfer,transfer,opaque_dependency_l6,adaptation_curve,unseen_prediction_calibration_error,full_transfer,policy_reset_prophecy_retained,30,0.6943055555555555,0.6759722222222222,0.018333333333333333,-0.009305555555555536,0.044444444444444446,0.24326669080846633,0.19559022048897556,True,0.5867706614669267
transfer,transfer,opaque_dependency_l6,evaluation_unseen_adaptation,success,full_transfer,from_scratch_contextual_policy,30,0.07083333333333333,0.06333333333333332,0.007500000000000001,-0.016666666666666666,0.035833333333333335,0.09937374846619441,0.6535673216339183,True,1.0
transfer,transfer,opaque_dependency_l6,evaluation_unseen_adaptation,steps,full_transfer,from_scratch_contextual_policy,30,6.0,6.0,0.0,0.0,0.0,0.0,1.0,True,1.0
transfer,transfer,opaque_dependency_l6,evaluation_unseen_adaptation,reward,full_transfer,from_scratch_contextual_policy,30,0.07083333333333333,0.06333333333333332,0.007500000000000001,-0.016666666666666666,0.035833333333333335,0.09937374846619441,0.648767561621919,True,1.0
transfer,transfer,opaque_dependency_l6,evaluation_unseen_adaptation,errors,full_transfer,from_scratch_contextual_policy,30,0.0,0.0,0.0,0.0,0.0,0.0,1.0,True,1.0
transfer,transfer,opaque_dependency_l6,evaluation_unseen_adaptation,repeats,full_transfer,from_scratch_contextual_policy,30,0.0,0.0,0.0,0.0,0.0,0.0,1.0,True,1.0
transfer,transfer,opaque_dependency_l6,evaluation_unseen_adaptation,prediction_score,full_transfer,from_scratch_contextual_policy,30,0.7648611111111117,0.0,0.7648611111111117,0.7526388888888894,0.7766666666666674,22.08577273931472,4.999750012499375e-05,True,0.000199990000499975
transfer,transfer,opaque_dependency_l6,evaluation_unseen_adaptation,holdout_score,full_transfer,from_scratch_contextual_policy,30,0.9873958333333334,0.0,0.9873958333333334,0.9837239583333334,0.9909895833333333,97.55482760504569,4.999750012499375e-05,True,0.000199990000499975
transfer,transfer,opaque_dependency_l6,evaluation_unseen_adaptation,imagined_nodes,full_transfer,from_scratch_contextual_policy,30,68.67416666666666,0.0,68.67416666666666,53.486666666666665,83.89416666666666,1.5910847887349993,4.999750012499375e-05,True,0.000199990000499975
transfer,transfer,opaque_dependency_l6,evaluation_unseen_adaptation,imagination_depth,full_transfer,from_scratch_contextual_policy,30,1.8591666666666666,0.0,1.8591666666666666,1.4733333333333334,2.2266666666666666,1.7398066311252856,4.999750012499375e-05,True,0.000199990000499975
transfer,transfer,opaque_dependency_l6,evaluation_unseen_adaptation,actual_return,full_transfer,from_scratch_contextual_policy,30,0.07083333333333333,0.06333333333333332,0.007500000000000001,-0.017499999999999998,0.035833333333333335,0.09937374846619441,0.6568171591420429,True,1.0
transfer,transfer,opaque_dependency_l6,evaluation_unseen_adaptation,runtime_seconds,full_transfer,from_scratch_contextual_policy,30,0.004049085060821623,0.0010348016116593498,0.0030142834491622733,0.0026886010641758427,0.003354008131657853,3.1850617723546577,4.999750012499375e-05,True,0.000199990000499975
transfer,transfer,opaque_dependency_l6,evaluation_unseen_adaptation,real_transitions,full_transfer,from_scratch_contextual_policy,30,6.0,6.0,0.0,0.0,0.0,0.0,1.0,True,1.0
transfer,transfer,opaque_dependency_l6,evaluation_unseen_adaptation,imagined_transitions,full_transfer,from_scratch_contextual_policy,30,68.67416666666666,0.0,68.67416666666666,53.502500000000005,83.8275,1.5910847887349993,4.999750012499375e-05,True,0.000199990000499975
transfer,transfer,opaque_dependency_l6,evaluation_unseen_adaptation,action_proposals,full_transfer,from_scratch_contextual_policy,30,6.0,6.0,0.0,0.0,0.0,0.0,1.0,True,1.0
transfer,transfer,opaque_dependency_l6,evaluation_unseen_adaptation,repeat_rate,full_transfer,from_scratch_contextual_policy,30,0.0,0.0,0.0,0.0,0.0,0.0,1.0,True,1.0
transfer,transfer,opaque_dependency_l6,evaluation_unseen_adaptation,error_rate,full_transfer,from_scratch_contextual_policy,30,0.0,0.0,0.0,0.0,0.0,0.0,1.0,True,1.0
transfer,transfer,opaque_dependency_l6,evaluation_unseen_adaptation,success,full_transfer,from_scratch_full_aassr,30,0.07083333333333333,0.065,0.005833333333333333,-0.01916666666666667,0.03166666666666666,0.08087925419221512,0.6998650067496626,True,1.0
transfer,transfer,opaque_dependency_l6,evaluation_unseen_adaptation,steps,full_transfer,from_scratch_full_aassr,30,6.0,6.0,0.0,0.0,0.0,0.0,1.0,True,1.0
transfer,transfer,opaque_dependency_l6,evaluation_unseen_adaptation,reward,full_transfer,from_scratch_full_aassr,30,0.07083333333333333,0.065,0.005833333333333333,-0.019166666666666665,0.03166666666666667,0.08087925419221512,0.7091145442727863,True,1.0
transfer,transfer,opaque_dependency_l6,evaluation_unseen_adaptation,errors,full_transfer,from_scratch_full_aassr,30,0.0,0.0,0.0,0.0,0.0,0.0,1.0,True,1.0
transfer,transfer,opaque_dependency_l6,evaluation_unseen_adaptation,repeats,full_transfer,from_scratch_full_aassr,30,0.0,0.0,0.0,0.0,0.0,0.0,1.0,True,1.0
transfer,transfer,opaque_dependency_l6,evaluation_unseen_adaptation,prediction_score,full_transfer,from_scratch_full_aassr,30,0.7648611111111117,0.7506944444444452,0.014166666666666475,-0.0015277777777767917,0.029444444444444193,0.33179512858968313,0.08084595770211489,True,0.1670916454177291
transfer,transfer,opaque_dependency_l6,evaluation_unseen_adaptation,holdout_score,full_transfer,from_scratch_full_aassr,30,0.9873958333333334,0.5616049116945852,0.42579092163874827,0.41890250721500755,0.43279379261036927,21.581657530307737,4.999750012499375e-05,True,0.000199990000499975
transfer,transfer,opaque_dependency_l6,evaluation_unseen_adaptation,imagined_nodes,full_transfer,from_scratch_full_aassr,30,68.67416666666666,67.03666666666668,1.6374999999999993,-16.5175,19.534166666666668,0.03218789561170567,0.856407179641018,True,0.856407179641018
transfer,transfer,opaque_dependency_l6,evaluation_unseen_adaptation,imagination_depth,full_transfer,from_scratch_full_aassr,30,1.8591666666666666,1.7141666666666666,0.145,-0.3241666666666667,0.5733333333333334,0.11203908088761198,0.5446727663616819,True,1.0
transfer,transfer,opaque_dependency_l6,evaluation_unseen_adaptation,actual_return,full_transfer,from_scratch_full_aassr,30,0.07083333333333333,0.065,0.005833333333333333,-0.02,0.03166666666666666,0.08087925419221512,0.712264386780661,True,1.0
transfer,transfer,opaque_dependency_l6,evaluation_unseen_adaptation,runtime_seconds,full_transfer,from_scratch_full_aassr,30,0.004049085060821623,0.002501754656657916,0.0015473304041637068,0.0011520518859380294,0.0019284833876047438,1.4083747135785583,4.999750012499375e-05,True,0.000199990000499975
transfer,transfer,opaque_dependency_l6,evaluation_unseen_adaptation,real_transitions,full_transfer,from_scratch_full_aassr,30,6.0,6.0,0.0,0.0,0.0,0.0,1.0,True,1.0
transfer,transfer,opaque_dependency_l6,evaluation_unseen_adaptation,imagined_transitions,full_transfer,from_scratch_full_aassr,30,68.67416666666666,67.03666666666668,1.6374999999999993,-16.656666666666666,19.243333333333332,0.03218789561170567,0.8652067396630169,True,0.8652067396630169
transfer,transfer,opaque_dependency_l6,evaluation_unseen_adaptation,action_proposals,full_transfer,from_scratch_full_aassr,30,6.0,6.0,0.0,0.0,0.0,0.0,1.0,True,1.0
transfer,transfer,opaque_dependency_l6,evaluation_unseen_adaptation,repeat_rate,full_transfer,from_scratch_full_aassr,30,0.0,0.0,0.0,0.0,0.0,0.0,1.0,True,1.0
transfer,transfer,opaque_dependency_l6,evaluation_unseen_adaptation,error_rate,full_transfer,from_scratch_full_aassr,30,0.0,0.0,0.0,0.0,0.0,0.0,1.0,True,1.0
transfer,transfer,opaque_dependency_l6,evaluation_unseen_adaptation,success,full_transfer,policy_reset_effect_retained,30,0.07083333333333333,0.07083333333333333,-1.3877787807814458e-18,-0.015833333333333335,0.01583333333333333,-3.051009898029117e-17,1.0,True,1.0
transfer,transfer,opaque_dependency_l6,evaluation_unseen_adaptation,steps,full_transfer,policy_reset_effect_retained,30,6.0,6.0,0.0,0.0,0.0,0.0,1.0,True,1.0
transfer,transfer,opaque_dependency_l6,evaluation_unseen_adaptation,reward,full_transfer,policy_reset_effect_retained,30,0.07083333333333333,0.07083333333333333,-1.3877787807814458e-18,-0.015833333333333335,0.01583333333333333,-3.051009898029117e-17,1.0,True,1.0
transfer,transfer,opaque_dependency_l6,evaluation_unseen_adaptation,errors,full_transfer,policy_reset_effect_retained,30,0.0,0.0,0.0,0.0,0.0,0.0,1.0,True,1.0
transfer,transfer,opaque_dependency_l6,evaluation_unseen_adaptation,repeats,full_transfer,policy_reset_effect_retained,30,0.0,0.0,0.0,0.0,0.0,0.0,1.0,True,1.0
transfer,transfer,opaque_dependency_l6,evaluation_unseen_adaptation,prediction_score,full_transfer,policy_reset_effect_retained,30,0.7648611111111117,0.7586111111111116,0.006250000000000089,-0.008194444444443175,0.01986111111110943,0.15564377943752175,0.4106794660266987,True,0.4106794660266987
transfer,transfer,opaque_dependency_l6,evaluation_unseen_adaptation,holdout_score,full_transfer,policy_reset_effect_retained,30,0.9873958333333334,0.5513159348022831,0.4360798985310501,0.43036846891534436,0.44221123555416314,25.5130653931368,4.999750012499375e-05,True,0.000199990000499975
transfer,transfer,opaque_dependency_l6,evaluation_unseen_adaptation,imagined_nodes,full_transfer,policy_reset_effect_retained,30,68.67416666666666,70.40916666666666,-1.7350000000000008,-4.35,0.7283333333333328,-0.23455746207238887,0.2127893605319734,True,0.4255787210639468
transfer,transfer,opaque_dependency_l6,evaluation_unseen_adaptation,imagination_depth,full_transfer,policy_reset_effect_retained,30,1.8591666666666666,1.8599999999999999,-0.000833333333333323,-0.025833333333333337,0.02249999999999997,-0.01181144660244248,1.0,True,1.0
transfer,transfer,opaque_dependency_l6,evaluation_unseen_adaptation,actual_return,full_transfer,policy_reset_effect_retained,30,0.07083333333333333,0.07083333333333333,-1.3877787807814458e-18,-0.016666666666666666,0.01583333333333333,-3.051009898029117e-17,1.0,True,1.0
transfer,transfer,opaque_dependency_l6,evaluation_unseen_adaptation,runtime_seconds,full_transfer,policy_reset_effect_retained,30,0.004049085060821623,0.002609444021682672,0.0014396410391389507,0.0013731982675267015,0.0015028207907989174,7.7106545597472165,4.999750012499375e-05,True,0.000199990000499975
transfer,transfer,opaque_dependency_l6,evaluation_unseen_adaptation,real_transitions,full_transfer,policy_reset_effect_retained,30,6.0,6.0,0.0,0.0,0.0,0.0,1.0,True,1.0
transfer,transfer,opaque_dependency_l6,evaluation_unseen_adaptation,imagined_transitions,full_transfer,policy_reset_effect_retained,30,68.67416666666666,70.40916666666666,-1.7350000000000008,-4.380833333333333,0.8083333333333319,-0.23455746207238887,0.21073946302684865,True,0.4214789260536973
transfer,transfer,opaque_dependency_l6,evaluation_unseen_adaptation,action_proposals,full_transfer,policy_reset_effect_retained,30,6.0,6.0,0.0,0.0,0.0,0.0,1.0,True,1.0
transfer,transfer,opaque_dependency_l6,evaluation_unseen_adaptation,repeat_rate,full_transfer,policy_reset_effect_retained,30,0.0,0.0,0.0,0.0,0.0,0.0,1.0,True,1.0
transfer,transfer,opaque_dependency_l6,evaluation_unseen_adaptation,error_rate,full_transfer,policy_reset_effect_retained,30,0.0,0.0,0.0,0.0,0.0,0.0,1.0,True,1.0
transfer,transfer,opaque_dependency_l6,evaluation_unseen_adaptation,success,full_transfer,policy_reset_prophecy_retained,30,0.07083333333333333,0.07416666666666667,-0.0033333333333333335,-0.020833333333333332,0.015000000000000005,-0.06461939296158904,0.7894605269736513,True,1.0
transfer,transfer,opaque_dependency_l6,evaluation_unseen_adaptation,steps,full_transfer,policy_reset_prophecy_retained,30,6.0,6.0,0.0,0.0,0.0,0.0,1.0,True,1.0
transfer,transfer,opaque_dependency_l6,evaluation_unseen_adaptation,reward,full_transfer,policy_reset_prophecy_retained,30,0.07083333333333333,0.07416666666666667,-0.0033333333333333335,-0.021666666666666667,0.014999999999999998,-0.06461939296158904,0.7908604569771511,True,1.0
transfer,transfer,opaque_dependency_l6,evaluation_unseen_adaptation,errors,full_transfer,policy_reset_prophecy_retained,30,0.0,0.0,0.0,0.0,0.0,0.0,1.0,True,1.0
transfer,transfer,opaque_dependency_l6,evaluation_unseen_adaptation,repeats,full_transfer,policy_reset_prophecy_retained,30,0.0,0.0,0.0,0.0,0.0,0.0,1.0,True,1.0
transfer,transfer,opaque_dependency_l6,evaluation_unseen_adaptation,prediction_score,full_transfer,policy_reset_prophecy_retained,30,0.7648611111111117,0.7501388888888897,0.014722222222222026,7.549516567451064e-16,0.028472222222223623,0.36717552664684094,0.055697215139243035,True,0.1670916454177291
transfer,transfer,opaque_dependency_l6,evaluation_unseen_adaptation,holdout_score,full_transfer,policy_reset_prophecy_retained,30,0.9873958333333334,0.5621718706488441,0.4252239626844893,0.41854010460178254,0.43197958002645553,21.947004187855125,4.999750012499375e-05,True,0.000199990000499975
transfer,transfer,opaque_dependency_l6,evaluation_unseen_adaptation,imagined_nodes,full_transfer,policy_reset_prophecy_retained,30,68.67416666666666,73.15916666666666,-4.485,-7.734166666666669,-1.569166666666667,-0.5055934207978355,0.006249687515624219,True,0.018749062546872655
transfer,transfer,opaque_dependency_l6,evaluation_unseen_adaptation,imagination_depth,full_transfer,policy_reset_prophecy_retained,30,1.8591666666666666,1.8633333333333333,-0.004166666666666652,-0.027499999999999962,0.01583333333333336,-0.06613665636569295,0.7885605719714014,True,1.0
transfer,transfer,opaque_dependency_l6,evaluation_unseen_adaptation,actual_return,full_transfer,policy_reset_prophecy_retained,30,0.07083333333333333,0.07416666666666667,-0.0033333333333333335,-0.021666666666666667,0.015000000000000001,-0.06461939296158904,0.792210389480526,True,1.0
transfer,transfer,opaque_dependency_l6,evaluation_unseen_adaptation,runtime_seconds,full_transfer,policy_reset_prophecy_retained,30,0.004049085060821623,0.0026873642942130877,0.0013617207666085352,0.0012318463499987652,0.0014633787099548499,4.17807559312884,4.999750012499375e-05,True,0.000199990000499975
transfer,transfer,opaque_dependency_l6,evaluation_unseen_adaptation,real_transitions,full_transfer,policy_reset_prophecy_retained,30,6.0,6.0,0.0,0.0,0.0,0.0,1.0,True,1.0
transfer,transfer,opaque_dependency_l6,evaluation_unseen_adaptation,imagined_transitions,full_transfer,policy_reset_prophecy_retained,30,68.67416666666666,73.15916666666666,-4.485,-7.7025,-1.6066666666666667,-0.5055934207978355,0.00759962001899905,True,0.02279886005699715
transfer,transfer,opaque_dependency_l6,evaluation_unseen_adaptation,action_proposals,full_transfer,policy_reset_prophecy_retained,30,6.0,6.0,0.0,0.0,0.0,0.0,1.0,True,1.0
transfer,transfer,opaque_dependency_l6,evaluation_unseen_adaptation,repeat_rate,full_transfer,policy_reset_prophecy_retained,30,0.0,0.0,0.0,0.0,0.0,0.0,1.0,True,1.0
transfer,transfer,opaque_dependency_l6,evaluation_unseen_adaptation,error_rate,full_transfer,policy_reset_prophecy_retained,30,0.0,0.0,0.0,0.0,0.0,0.0,1.0,True,1.0
