experiment,condition,environment,seed,adaptation_budget,success_rate,adaptation_auc,episodes_to_50,episodes_to_80,sample_saving_to_50,sample_saving_to_80,transfer_gain_vs_from_scratch,unseen_prediction_calibration_error
transfer,from_scratch_contextual_policy,opaque_dependency_l6,1009,0,0.0,0.09375,,,,,0.09375,0.05
transfer,from_scratch_contextual_policy,opaque_dependency_l6,1009,1,0.0,0.09375,,,,,0.09375,0.05
transfer,from_scratch_contextual_policy,opaque_dependency_l6,1009,4,0.0,0.09375,,,,,0.09375,0.05
transfer,from_scratch_contextual_policy,opaque_dependency_l6,1009,16,0.0,0.09375,,,,,0.09375,0.05
transfer,from_scratch_contextual_policy,opaque_dependency_l6,1009,64,0.25,0.09375,,,,,0.09375,0.05
transfer,from_scratch_contextual_policy,opaque_dependency_l6,1061,0,0.0,0.09375,,,,,0.046875,0.05
transfer,from_scratch_contextual_policy,opaque_dependency_l6,1061,1,0.0,0.09375,,,,,0.046875,0.05
transfer,from_scratch_contextual_policy,opaque_dependency_l6,1061,4,0.0,0.09375,,,,,0.046875,0.05
transfer,from_scratch_contextual_policy,opaque_dependency_l6,1061,16,0.0,0.09375,,,,,0.046875,0.05
transfer,from_scratch_contextual_policy,opaque_dependency_l6,1061,64,0.25,0.09375,,,,,0.046875,0.05
transfer,from_scratch_contextual_policy,opaque_dependency_l6,1103,0,0.0,0.046875,,,,,-0.2109375,0.025
transfer,from_scratch_contextual_policy,opaque_dependency_l6,1103,1,0.0,0.046875,,,,,-0.2109375,0.025
transfer,from_scratch_contextual_policy,opaque_dependency_l6,1103,4,0.0,0.046875,,,,,-0.2109375,0.025
transfer,from_scratch_contextual_policy,opaque_dependency_l6,1103,16,0.0,0.046875,,,,,-0.2109375,0.025
transfer,from_scratch_contextual_policy,opaque_dependency_l6,1103,64,0.125,0.046875,,,,,-0.2109375,0.025
transfer,from_scratch_contextual_policy,opaque_dependency_l6,1151,0,0.0,0.046875,,,,,0.0,0.025
transfer,from_scratch_contextual_policy,opaque_dependency_l6,1151,1,0.0,0.046875,,,,,0.0,0.025
transfer,from_scratch_contextual_policy,opaque_dependency_l6,1151,4,0.0,0.046875,,,,,0.0,0.025
transfer,from_scratch_contextual_policy,opaque_dependency_l6,1151,16,0.0,0.046875,,,,,0.0,0.025
transfer,from_scratch_contextual_policy,opaque_dependency_l6,1151,64,0.125,0.046875,,,,,0.0,0.025
transfer,from_scratch_contextual_policy,opaque_dependency_l6,1201,0,0.0,0.09375,,,,,0.046875,0.05
transfer,from_scratch_contextual_policy,opaque_dependency_l6,1201,1,0.0,0.09375,,,,,0.046875,0.05
transfer,from_scratch_contextual_policy,opaque_dependency_l6,1201,4,0.0,0.09375,,,,,0.046875,0.05
transfer,from_scratch_contextual_policy,opaque_dependency_l6,1201,16,0.0,0.09375,,,,,0.046875,0.05
transfer,from_scratch_contextual_policy,opaque_dependency_l6,1201,64,0.25,0.09375,,,,,0.046875,0.05
transfer,from_scratch_contextual_policy,opaque_dependency_l6,1259,0,0.0,0.15234375,,,,,0.10546875,0.075
transfer,from_scratch_contextual_policy,opaque_dependency_l6,1259,1,0.0,0.15234375,,,,,0.10546875,0.075
transfer,from_scratch_contextual_policy,opaque_dependency_l6,1259,4,0.0,0.15234375,,,,,0.10546875,0.075
transfer,from_scratch_contextual_policy,opaque_dependency_l6,1259,16,0.125,0.15234375,,,,,0.10546875,0.075
transfer,from_scratch_contextual_policy,opaque_dependency_l6,1259,64,0.25,0.15234375,,,,,0.10546875,0.075
transfer,from_scratch_contextual_policy,opaque_dependency_l6,1301,0,0.0,0.1708984375,,,,,0.046875,0.125
transfer,from_scratch_contextual_policy,opaque_dependency_l6,1301,1,0.125,0.1708984375,,,,,0.046875,0.125
transfer,from_scratch_contextual_policy,opaque_dependency_l6,1301,4,0.125,0.1708984375,,,,,0.046875,0.125
transfer,from_scratch_contextual_policy,opaque_dependency_l6,1301,16,0.125,0.1708984375,,,,,0.046875,0.125
transfer,from_scratch_contextual_policy,opaque_dependency_l6,1301,64,0.25,0.1708984375,,,,,0.046875,0.125
transfer,from_scratch_contextual_policy,opaque_dependency_l6,131,0,0.0,0.15234375,,,,,0.05859375,0.075
transfer,from_scratch_contextual_policy,opaque_dependency_l6,131,1,0.0,0.15234375,,,,,0.05859375,0.075
transfer,from_scratch_contextual_policy,opaque_dependency_l6,131,4,0.0,0.15234375,,,,,0.05859375,0.075
transfer,from_scratch_contextual_policy,opaque_dependency_l6,131,16,0.125,0.15234375,,,,,0.05859375,0.075
transfer,from_scratch_contextual_policy,opaque_dependency_l6,131,64,0.25,0.15234375,,,,,0.05859375,0.075
transfer,from_scratch_contextual_policy,opaque_dependency_l6,1361,0,0.0,0.046875,,,,,0.0,0.025
transfer,from_scratch_contextual_policy,opaque_dependency_l6,1361,1,0.0,0.046875,,,,,0.0,0.025
transfer,from_scratch_contextual_policy,opaque_dependency_l6,1361,4,0.0,0.046875,,,,,0.0,0.025
transfer,from_scratch_contextual_policy,opaque_dependency_l6,1361,16,0.0,0.046875,,,,,0.0,0.025
transfer,from_scratch_contextual_policy,opaque_dependency_l6,1361,64,0.125,0.046875,,,,,0.0,0.025
transfer,from_scratch_contextual_policy,opaque_dependency_l6,1423,0,0.0,0.046875,,,,,-0.1787109375,0.025
transfer,from_scratch_contextual_policy,opaque_dependency_l6,1423,1,0.0,0.046875,,,,,-0.1787109375,0.025
transfer,from_scratch_contextual_policy,opaque_dependency_l6,1423,4,0.0,0.046875,,,,,-0.1787109375,0.025
transfer,from_scratch_contextual_policy,opaque_dependency_l6,1423,16,0.0,0.046875,,,,,-0.1787109375,0.025
transfer,from_scratch_contextual_policy,opaque_dependency_l6,1423,64,0.125,0.046875,,,,,-0.1787109375,0.025
transfer,from_scratch_contextual_policy,opaque_dependency_l6,1481,0,0.0,0.09375,,,,,0.09375,0.05
transfer,from_scratch_contextual_policy,opaque_dependency_l6,1481,1,0.0,0.09375,,,,,0.09375,0.05
transfer,from_scratch_contextual_policy,opaque_dependency_l6,1481,4,0.0,0.09375,,,,,0.09375,0.05
transfer,from_scratch_contextual_policy,opaque_dependency_l6,1481,16,0.0,0.09375,,,,,0.09375,0.05
transfer,from_scratch_contextual_policy,opaque_dependency_l6,1481,64,0.25,0.09375,,,,,0.09375,0.05
transfer,from_scratch_contextual_policy,opaque_dependency_l6,1543,0,0.0,0.046875,,,,,-0.05859375,0.025
transfer,from_scratch_contextual_policy,opaque_dependency_l6,1543,1,0.0,0.046875,,,,,-0.05859375,0.025
transfer,from_scratch_contextual_policy,opaque_dependency_l6,1543,4,0.0,0.046875,,,,,-0.05859375,0.025
transfer,from_scratch_contextual_policy,opaque_dependency_l6,1543,16,0.0,0.046875,,,,,-0.05859375,0.025
transfer,from_scratch_contextual_policy,opaque_dependency_l6,1543,64,0.125,0.046875,,,,,-0.05859375,0.025
transfer,from_scratch_contextual_policy,opaque_dependency_l6,1601,0,0.0,0.2109375,,,,,-0.046875,0.1
transfer,from_scratch_contextual_policy,opaque_dependency_l6,1601,1,0.0,0.2109375,,,,,-0.046875,0.1
transfer,from_scratch_contextual_policy,opaque_dependency_l6,1601,4,0.0,0.2109375,,,,,-0.046875,0.1
transfer,from_scratch_contextual_policy,opaque_dependency_l6,1601,16,0.25,0.2109375,,,,,-0.046875,0.1
transfer,from_scratch_contextual_policy,opaque_dependency_l6,1601,64,0.25,0.2109375,,,,,-0.046875,0.1
transfer,from_scratch_contextual_policy,opaque_dependency_l6,173,0,0.0,0.046875,,,,,0.0,0.025
transfer,from_scratch_contextual_policy,opaque_dependency_l6,173,1,0.0,0.046875,,,,,0.0,0.025
transfer,from_scratch_contextual_policy,opaque_dependency_l6,173,4,0.0,0.046875,,,,,0.0,0.025
transfer,from_scratch_contextual_policy,opaque_dependency_l6,173,16,0.0,0.046875,,,,,0.0,0.025
transfer,from_scratch_contextual_policy,opaque_dependency_l6,173,64,0.125,0.046875,,,,,0.0,0.025
transfer,from_scratch_contextual_policy,opaque_dependency_l6,211,0,0.0,0.0,,,,,-0.19921875,0.0
transfer,from_scratch_contextual_policy,opaque_dependency_l6,211,1,0.0,0.0,,,,,-0.19921875,0.0
transfer,from_scratch_contextual_policy,opaque_dependency_l6,211,4,0.0,0.0,,,,,-0.19921875,0.0
transfer,from_scratch_contextual_policy,opaque_dependency_l6,211,16,0.0,0.0,,,,,-0.19921875,0.0
transfer,from_scratch_contextual_policy,opaque_dependency_l6,211,64,0.0,0.0,,,,,-0.19921875,0.0
transfer,from_scratch_contextual_policy,opaque_dependency_l6,257,0,0.0,0.1669921875,,,,,0.0615234375,0.1
transfer,from_scratch_contextual_policy,opaque_dependency_l6,257,1,0.0,0.1669921875,,,,,0.0615234375,0.1
transfer,from_scratch_contextual_policy,opaque_dependency_l6,257,4,0.125,0.1669921875,,,,,0.0615234375,0.1
transfer,from_scratch_contextual_policy,opaque_dependency_l6,257,16,0.125,0.1669921875,,,,,0.0615234375,0.1
transfer,from_scratch_contextual_policy,opaque_dependency_l6,257,64,0.25,0.1669921875,,,,,0.0615234375,0.1
transfer,from_scratch_contextual_policy,opaque_dependency_l6,307,0,0.0,0.2724609375,,,,,0.10546875,0.15
transfer,from_scratch_contextual_policy,opaque_dependency_l6,307,1,0.0,0.2724609375,,,,,0.10546875,0.15
transfer,from_scratch_contextual_policy,opaque_dependency_l6,307,4,0.125,0.2724609375,,,,,0.10546875,0.15
transfer,from_scratch_contextual_policy,opaque_dependency_l6,307,16,0.25,0.2724609375,,,,,0.10546875,0.15
transfer,from_scratch_contextual_policy,opaque_dependency_l6,307,64,0.375,0.2724609375,,,,,0.10546875,0.15
transfer,from_scratch_contextual_policy,opaque_dependency_l6,353,0,0.0,0.2255859375,,,,,0.1201171875,0.125
transfer,from_scratch_contextual_policy,opaque_dependency_l6,353,1,0.0,0.2255859375,,,,,0.1201171875,0.125
transfer,from_scratch_contextual_policy,opaque_dependency_l6,353,4,0.125,0.2255859375,,,,,0.1201171875,0.125
transfer,from_scratch_contextual_policy,opaque_dependency_l6,353,16,0.25,0.2255859375,,,,,0.1201171875,0.125
transfer,from_scratch_contextual_policy,opaque_dependency_l6,353,64,0.25,0.2255859375,,,,,0.1201171875,0.125
transfer,from_scratch_contextual_policy,opaque_dependency_l6,401,0,0.0,0.09375,,,,,0.046875,0.05
transfer,from_scratch_contextual_policy,opaque_dependency_l6,401,1,0.0,0.09375,,,,,0.046875,0.05
transfer,from_scratch_contextual_policy,opaque_dependency_l6,401,4,0.0,0.09375,,,,,0.046875,0.05
transfer,from_scratch_contextual_policy,opaque_dependency_l6,401,16,0.0,0.09375,,,,,0.046875,0.05
transfer,from_scratch_contextual_policy,opaque_dependency_l6,401,64,0.25,0.09375,,,,,0.046875,0.05
transfer,from_scratch_contextual_policy,opaque_dependency_l6,457,0,0.0,0.0,,,,,-0.1201171875,0.0
transfer,from_scratch_contextual_policy,opaque_dependency_l6,457,1,0.0,0.0,,,,,-0.1201171875,0.0
transfer,from_scratch_contextual_policy,opaque_dependency_l6,457,4,0.0,0.0,,,,,-0.1201171875,0.0
transfer,from_scratch_contextual_policy,opaque_dependency_l6,457,16,0.0,0.0,,,,,-0.1201171875,0.0
transfer,from_scratch_contextual_policy,opaque_dependency_l6,457,64,0.0,0.0,,,,,-0.1201171875,0.0
transfer,from_scratch_contextual_policy,opaque_dependency_l6,503,0,0.0,0.1201171875,,,,,-0.140625,0.075
transfer,from_scratch_contextual_policy,opaque_dependency_l6,503,1,0.0,0.1201171875,,,,,-0.140625,0.075
transfer,from_scratch_contextual_policy,opaque_dependency_l6,503,4,0.125,0.1201171875,,,,,-0.140625,0.075
transfer,from_scratch_contextual_policy,opaque_dependency_l6,503,16,0.125,0.1201171875,,,,,-0.140625,0.075
transfer,from_scratch_contextual_policy,opaque_dependency_l6,503,64,0.125,0.1201171875,,,,,-0.140625,0.075
transfer,from_scratch_contextual_policy,opaque_dependency_l6,557,0,0.0,0.1669921875,,,,,0.1201171875,0.1
transfer,from_scratch_contextual_policy,opaque_dependency_l6,557,1,0.0,0.1669921875,,,,,0.1201171875,0.1
transfer,from_scratch_contextual_policy,opaque_dependency_l6,557,4,0.125,0.1669921875,,,,,0.1201171875,0.1
transfer,from_scratch_contextual_policy,opaque_dependency_l6,557,16,0.125,0.1669921875,,,,,0.1201171875,0.1
transfer,from_scratch_contextual_policy,opaque_dependency_l6,557,64,0.25,0.1669921875,,,,,0.1201171875,0.1
transfer,from_scratch_contextual_policy,opaque_dependency_l6,601,0,0.0,0.09375,,,,,-0.22265625,0.05
transfer,from_scratch_contextual_policy,opaque_dependency_l6,601,1,0.0,0.09375,,,,,-0.22265625,0.05
transfer,from_scratch_contextual_policy,opaque_dependency_l6,601,4,0.0,0.09375,,,,,-0.22265625,0.05
transfer,from_scratch_contextual_policy,opaque_dependency_l6,601,16,0.0,0.09375,,,,,-0.22265625,0.05
transfer,from_scratch_contextual_policy,opaque_dependency_l6,601,64,0.25,0.09375,,,,,-0.22265625,0.05
transfer,from_scratch_contextual_policy,opaque_dependency_l6,659,0,0.0,0.24609375,64,,,,0.0205078125,0.125
transfer,from_scratch_contextual_policy,opaque_dependency_l6,659,1,0.0,0.24609375,64,,,,0.0205078125,0.125
transfer,from_scratch_contextual_policy,opaque_dependency_l6,659,4,0.0,0.24609375,64,,,,0.0205078125,0.125
transfer,from_scratch_contextual_policy,opaque_dependency_l6,659,16,0.125,0.24609375,64,,,,0.0205078125,0.125
transfer,from_scratch_contextual_policy,opaque_dependency_l6,659,64,0.5,0.24609375,64,,,,0.0205078125,0.125
transfer,from_scratch_contextual_policy,opaque_dependency_l6,701,0,0.0,0.15234375,,,,,0.046875,0.075
transfer,from_scratch_contextual_policy,opaque_dependency_l6,701,1,0.0,0.15234375,,,,,0.046875,0.075
transfer,from_scratch_contextual_policy,opaque_dependency_l6,701,4,0.0,0.15234375,,,,,0.046875,0.075
transfer,from_scratch_contextual_policy,opaque_dependency_l6,701,16,0.125,0.15234375,,,,,0.046875,0.075
transfer,from_scratch_contextual_policy,opaque_dependency_l6,701,64,0.25,0.15234375,,,,,0.046875,0.075
transfer,from_scratch_contextual_policy,opaque_dependency_l6,761,0,0.0,0.2724609375,,,,,0.10546875,0.15
transfer,from_scratch_contextual_policy,opaque_dependency_l6,761,1,0.0,0.2724609375,,,,,0.10546875,0.15
transfer,from_scratch_contextual_policy,opaque_dependency_l6,761,4,0.125,0.2724609375,,,,,0.10546875,0.15
transfer,from_scratch_contextual_policy,opaque_dependency_l6,761,16,0.25,0.2724609375,,,,,0.10546875,0.15
transfer,from_scratch_contextual_policy,opaque_dependency_l6,761,64,0.375,0.2724609375,,,,,0.10546875,0.15
transfer,from_scratch_contextual_policy,opaque_dependency_l6,809,0,0.0,0.10546875,,,,,0.10546875,0.05
transfer,from_scratch_contextual_policy,opaque_dependency_l6,809,1,0.0,0.10546875,,,,,0.10546875,0.05
transfer,from_scratch_contextual_policy,opaque_dependency_l6,809,4,0.0,0.10546875,,,,,0.10546875,0.05
transfer,from_scratch_contextual_policy,opaque_dependency_l6,809,16,0.125,0.10546875,,,,,0.10546875,0.05
transfer,from_scratch_contextual_policy,opaque_dependency_l6,809,64,0.125,0.10546875,,,,,0.10546875,0.05
transfer,from_scratch_contextual_policy,opaque_dependency_l6,857,0,0.0,0.0,,,,,-0.046875,0.0
transfer,from_scratch_contextual_policy,opaque_dependency_l6,857,1,0.0,0.0,,,,,-0.046875,0.0
transfer,from_scratch_contextual_policy,opaque_dependency_l6,857,4,0.0,0.0,,,,,-0.046875,0.0
transfer,from_scratch_contextual_policy,opaque_dependency_l6,857,16,0.0,0.0,,,,,-0.046875,0.0
transfer,from_scratch_contextual_policy,opaque_dependency_l6,857,64,0.0,0.0,,,,,-0.046875,0.0
transfer,from_scratch_contextual_policy,opaque_dependency_l6,907,0,0.0,0.09375,,,,,-0.0732421875,0.05
transfer,from_scratch_contextual_policy,opaque_dependency_l6,907,1,0.0,0.09375,,,,,-0.0732421875,0.05
transfer,from_scratch_contextual_policy,opaque_dependency_l6,907,4,0.0,0.09375,,,,,-0.0732421875,0.05
transfer,from_scratch_contextual_policy,opaque_dependency_l6,907,16,0.0,0.09375,,,,,-0.0732421875,0.05
transfer,from_scratch_contextual_policy,opaque_dependency_l6,907,64,0.25,0.09375,,,,,-0.0732421875,0.05
transfer,from_scratch_contextual_policy,opaque_dependency_l6,953,0,0.0,0.15234375,,,,,-0.03515625,0.075
transfer,from_scratch_contextual_policy,opaque_dependency_l6,953,1,0.0,0.15234375,,,,,-0.03515625,0.075
transfer,from_scratch_contextual_policy,opaque_dependency_l6,953,4,0.0,0.15234375,,,,,-0.03515625,0.075
transfer,from_scratch_contextual_policy,opaque_dependency_l6,953,16,0.125,0.15234375,,,,,-0.03515625,0.075
transfer,from_scratch_contextual_policy,opaque_dependency_l6,953,64,0.25,0.15234375,,,,,-0.03515625,0.075
transfer,from_scratch_full_aassr,opaque_dependency_l6,1009,0,0.0,0.0,,,,,0.0,0.7541666666666667
transfer,from_scratch_full_aassr,opaque_dependency_l6,1009,1,0.0,0.0,,,,,0.0,0.7541666666666667
transfer,from_scratch_full_aassr,opaque_dependency_l6,1009,4,0.0,0.0,,,,,0.0,0.7541666666666667
transfer,from_scratch_full_aassr,opaque_dependency_l6,1009,16,0.0,0.0,,,,,0.0,0.7541666666666667
transfer,from_scratch_full_aassr,opaque_dependency_l6,1009,64,0.0,0.0,,,,,0.0,0.7541666666666667
transfer,from_scratch_full_aassr,opaque_dependency_l6,1061,0,0.0,0.046875,,,,,0.0,0.7208333333333333
transfer,from_scratch_full_aassr,opaque_dependency_l6,1061,1,0.0,0.046875,,,,,0.0,0.7208333333333333
transfer,from_scratch_full_aassr,opaque_dependency_l6,1061,4,0.0,0.046875,,,,,0.0,0.7208333333333333
transfer,from_scratch_full_aassr,opaque_dependency_l6,1061,16,0.0,0.046875,,,,,0.0,0.7208333333333333
transfer,from_scratch_full_aassr,opaque_dependency_l6,1061,64,0.125,0.046875,,,,,0.0,0.7208333333333333
transfer,from_scratch_full_aassr,opaque_dependency_l6,1103,0,0.0,0.2578125,,,,,0.0,0.65
transfer,from_scratch_full_aassr,opaque_dependency_l6,1103,1,0.0,0.2578125,,,,,0.0,0.65
transfer,from_scratch_full_aassr,opaque_dependency_l6,1103,4,0.0,0.2578125,,,,,0.0,0.65
transfer,from_scratch_full_aassr,opaque_dependency_l6,1103,16,0.25,0.2578125,,,,,0.0,0.65
transfer,from_scratch_full_aassr,opaque_dependency_l6,1103,64,0.375,0.2578125,,,,,0.0,0.65
transfer,from_scratch_full_aassr,opaque_dependency_l6,1151,0,0.0,0.046875,,,,,0.0,0.7083333333333334
transfer,from_scratch_full_aassr,opaque_dependency_l6,1151,1,0.0,0.046875,,,,,0.0,0.7083333333333334
transfer,from_scratch_full_aassr,opaque_dependency_l6,1151,4,0.0,0.046875,,,,,0.0,0.7083333333333334
transfer,from_scratch_full_aassr,opaque_dependency_l6,1151,16,0.0,0.046875,,,,,0.0,0.7083333333333334
transfer,from_scratch_full_aassr,opaque_dependency_l6,1151,64,0.125,0.046875,,,,,0.0,0.7083333333333334
transfer,from_scratch_full_aassr,opaque_dependency_l6,1201,0,0.0,0.046875,,,,,0.0,0.725
transfer,from_scratch_full_aassr,opaque_dependency_l6,1201,1,0.0,0.046875,,,,,0.0,0.725
transfer,from_scratch_full_aassr,opaque_dependency_l6,1201,4,0.0,0.046875,,,,,0.0,0.725
transfer,from_scratch_full_aassr,opaque_dependency_l6,1201,16,0.0,0.046875,,,,,0.0,0.725
transfer,from_scratch_full_aassr,opaque_dependency_l6,1201,64,0.125,0.046875,,,,,0.0,0.725
transfer,from_scratch_full_aassr,opaque_dependency_l6,1259,0,0.0,0.046875,,,,,0.0,0.7333333333333334
transfer,from_scratch_full_aassr,opaque_dependency_l6,1259,1,0.0,0.046875,,,,,0.0,0.7333333333333334
transfer,from_scratch_full_aassr,opaque_dependency_l6,1259,4,0.0,0.046875,,,,,0.0,0.7333333333333334
transfer,from_scratch_full_aassr,opaque_dependency_l6,1259,16,0.0,0.046875,,,,,0.0,0.7333333333333334
transfer,from_scratch_full_aassr,opaque_dependency_l6,1259,64,0.125,0.046875,,,,,0.0,0.7333333333333334
transfer,from_scratch_full_aassr,opaque_dependency_l6,1301,0,0.0,0.1240234375,,,,,0.0,0.6625
transfer,from_scratch_full_aassr,opaque_dependency_l6,1301,1,0.125,0.1240234375,,,,,0.0,0.6625
transfer,from_scratch_full_aassr,opaque_dependency_l6,1301,4,0.125,0.1240234375,,,,,0.0,0.6625
transfer,from_scratch_full_aassr,opaque_dependency_l6,1301,16,0.125,0.1240234375,,,,,0.0,0.6625
transfer,from_scratch_full_aassr,opaque_dependency_l6,1301,64,0.125,0.1240234375,,,,,0.0,0.6625
transfer,from_scratch_full_aassr,opaque_dependency_l6,131,0,0.0,0.09375,,,,,0.0,0.6708333333333334
transfer,from_scratch_full_aassr,opaque_dependency_l6,131,1,0.0,0.09375,,,,,0.0,0.6708333333333334
transfer,from_scratch_full_aassr,opaque_dependency_l6,131,4,0.0,0.09375,,,,,0.0,0.6708333333333334
transfer,from_scratch_full_aassr,opaque_dependency_l6,131,16,0.0,0.09375,,,,,0.0,0.6708333333333334
transfer,from_scratch_full_aassr,opaque_dependency_l6,131,64,0.25,0.09375,,,,,0.0,0.6708333333333334
transfer,from_scratch_full_aassr,opaque_dependency_l6,1361,0,0.0,0.046875,,,,,0.0,0.7083333333333334
transfer,from_scratch_full_aassr,opaque_dependency_l6,1361,1,0.0,0.046875,,,,,0.0,0.7083333333333334
transfer,from_scratch_full_aassr,opaque_dependency_l6,1361,4,0.0,0.046875,,,,,0.0,0.7083333333333334
transfer,from_scratch_full_aassr,opaque_dependency_l6,1361,16,0.0,0.046875,,,,,0.0,0.7083333333333334
transfer,from_scratch_full_aassr,opaque_dependency_l6,1361,64,0.125,0.046875,,,,,0.0,0.7083333333333334
transfer,from_scratch_full_aassr,opaque_dependency_l6,1423,0,0.0,0.2255859375,,,,,0.0,0.6375
transfer,from_scratch_full_aassr,opaque_dependency_l6,1423,1,0.0,0.2255859375,,,,,0.0,0.6375
transfer,from_scratch_full_aassr,opaque_dependency_l6,1423,4,0.125,0.2255859375,,,,,0.0,0.6375
transfer,from_scratch_full_aassr,opaque_dependency_l6,1423,16,0.25,0.2255859375,,,,,0.0,0.6375
transfer,from_scratch_full_aassr,opaque_dependency_l6,1423,64,0.25,0.2255859375,,,,,0.0,0.6375
transfer,from_scratch_full_aassr,opaque_dependency_l6,1481,0,0.0,0.0,,,,,0.0,0.7625
transfer,from_scratch_full_aassr,opaque_dependency_l6,1481,1,0.0,0.0,,,,,0.0,0.7625
transfer,from_scratch_full_aassr,opaque_dependency_l6,1481,4,0.0,0.0,,,,,0.0,0.7625
transfer,from_scratch_full_aassr,opaque_dependency_l6,1481,16,0.0,0.0,,,,,0.0,0.7625
transfer,from_scratch_full_aassr,opaque_dependency_l6,1481,64,0.0,0.0,,,,,0.0,0.7625
transfer,from_scratch_full_aassr,opaque_dependency_l6,1543,0,0.0,0.10546875,,,,,0.0,0.7208333333333333
transfer,from_scratch_full_aassr,opaque_dependency_l6,1543,1,0.0,0.10546875,,,,,0.0,0.7208333333333333
transfer,from_scratch_full_aassr,opaque_dependency_l6,1543,4,0.0,0.10546875,,,,,0.0,0.7208333333333333
transfer,from_scratch_full_aassr,opaque_dependency_l6,1543,16,0.125,0.10546875,,,,,0.0,0.7208333333333333
transfer,from_scratch_full_aassr,opaque_dependency_l6,1543,64,0.125,0.10546875,,,,,0.0,0.7208333333333333
transfer,from_scratch_full_aassr,opaque_dependency_l6,1601,0,0.0,0.2578125,,,,,0.0,0.6
transfer,from_scratch_full_aassr,opaque_dependency_l6,1601,1,0.0,0.2578125,,,,,0.0,0.6
transfer,from_scratch_full_aassr,opaque_dependency_l6,1601,4,0.0,0.2578125,,,,,0.0,0.6
transfer,from_scratch_full_aassr,opaque_dependency_l6,1601,16,0.25,0.2578125,,,,,0.0,0.6
transfer,from_scratch_full_aassr,opaque_dependency_l6,1601,64,0.375,0.2578125,,,,,0.0,0.6
transfer,from_scratch_full_aassr,opaque_dependency_l6,173,0,0.0,0.046875,,,,,0.0,0.7166666666666667
transfer,from_scratch_full_aassr,opaque_dependency_l6,173,1,0.0,0.046875,,,,,0.0,0.7166666666666667
transfer,from_scratch_full_aassr,opaque_dependency_l6,173,4,0.0,0.046875,,,,,0.0,0.7166666666666667
transfer,from_scratch_full_aassr,opaque_dependency_l6,173,16,0.0,0.046875,,,,,0.0,0.7166666666666667
transfer,from_scratch_full_aassr,opaque_dependency_l6,173,64,0.125,0.046875,,,,,0.0,0.7166666666666667
transfer,from_scratch_full_aassr,opaque_dependency_l6,211,0,0.0,0.19921875,,,,,0.0,0.6791666666666666
transfer,from_scratch_full_aassr,opaque_dependency_l6,211,1,0.0,0.19921875,,,,,0.0,0.6791666666666666
transfer,from_scratch_full_aassr,opaque_dependency_l6,211,4,0.0,0.19921875,,,,,0.0,0.6791666666666666
transfer,from_scratch_full_aassr,opaque_dependency_l6,211,16,0.125,0.19921875,,,,,0.0,0.6791666666666666
transfer,from_scratch_full_aassr,opaque_dependency_l6,211,64,0.375,0.19921875,,,,,0.0,0.6791666666666666
transfer,from_scratch_full_aassr,opaque_dependency_l6,257,0,0.0,0.10546875,,,,,0.0,0.6916666666666667
transfer,from_scratch_full_aassr,opaque_dependency_l6,257,1,0.0,0.10546875,,,,,0.0,0.6916666666666667
transfer,from_scratch_full_aassr,opaque_dependency_l6,257,4,0.0,0.10546875,,,,,0.0,0.6916666666666667
transfer,from_scratch_full_aassr,opaque_dependency_l6,257,16,0.125,0.10546875,,,,,0.0,0.6916666666666667
transfer,from_scratch_full_aassr,opaque_dependency_l6,257,64,0.125,0.10546875,,,,,0.0,0.6916666666666667
transfer,from_scratch_full_aassr,opaque_dependency_l6,307,0,0.0,0.1669921875,,,,,0.0,0.6541666666666667
transfer,from_scratch_full_aassr,opaque_dependency_l6,307,1,0.0,0.1669921875,,,,,0.0,0.6541666666666667
transfer,from_scratch_full_aassr,opaque_dependency_l6,307,4,0.125,0.1669921875,,,,,0.0,0.6541666666666667
transfer,from_scratch_full_aassr,opaque_dependency_l6,307,16,0.125,0.1669921875,,,,,0.0,0.6541666666666667
transfer,from_scratch_full_aassr,opaque_dependency_l6,307,64,0.25,0.1669921875,,,,,0.0,0.6541666666666667
transfer,from_scratch_full_aassr,opaque_dependency_l6,353,0,0.0,0.10546875,,,,,0.0,0.7208333333333333
transfer,from_scratch_full_aassr,opaque_dependency_l6,353,1,0.0,0.10546875,,,,,0.0,0.7208333333333333
transfer,from_scratch_full_aassr,opaque_dependency_l6,353,4,0.0,0.10546875,,,,,0.0,0.7208333333333333
transfer,from_scratch_full_aassr,opaque_dependency_l6,353,16,0.125,0.10546875,,,,,0.0,0.7208333333333333
transfer,from_scratch_full_aassr,opaque_dependency_l6,353,64,0.125,0.10546875,,,,,0.0,0.7208333333333333
transfer,from_scratch_full_aassr,opaque_dependency_l6,401,0,0.0,0.046875,,,,,0.0,0.6833333333333333
transfer,from_scratch_full_aassr,opaque_dependency_l6,401,1,0.0,0.046875,,,,,0.0,0.6833333333333333
transfer,from_scratch_full_aassr,opaque_dependency_l6,401,4,0.0,0.046875,,,,,0.0,0.6833333333333333
transfer,from_scratch_full_aassr,opaque_dependency_l6,401,16,0.0,0.046875,,,,,0.0,0.6833333333333333
transfer,from_scratch_full_aassr,opaque_dependency_l6,401,64,0.125,0.046875,,,,,0.0,0.6833333333333333
transfer,from_scratch_full_aassr,opaque_dependency_l6,457,0,0.0,0.1201171875,,,,,0.0,0.6916666666666667
transfer,from_scratch_full_aassr,opaque_dependency_l6,457,1,0.0,0.1201171875,,,,,0.0,0.6916666666666667
transfer,from_scratch_full_aassr,opaque_dependency_l6,457,4,0.125,0.1201171875,,,,,0.0,0.6916666666666667
transfer,from_scratch_full_aassr,opaque_dependency_l6,457,16,0.125,0.1201171875,,,,,0.0,0.6916666666666667
transfer,from_scratch_full_aassr,opaque_dependency_l6,457,64,0.125,0.1201171875,,,,,0.0,0.6916666666666667
transfer,from_scratch_full_aassr,opaque_dependency_l6,503,0,0.0,0.2607421875,64,,0,,0.0,0.5791666666666666
transfer,from_scratch_full_aassr,opaque_dependency_l6,503,1,0.0,0.2607421875,64,,0,,0.0,0.5791666666666666
transfer,from_scratch_full_aassr,opaque_dependency_l6,503,4,0.125,0.2607421875,64,,0,,0.0,0.5791666666666666
transfer,from_scratch_full_aassr,opaque_dependency_l6,503,16,0.125,0.2607421875,64,,0,,0.0,0.5791666666666666
transfer,from_scratch_full_aassr,opaque_dependency_l6,503,64,0.5,0.2607421875,64,,0,,0.0,0.5791666666666666
transfer,from_scratch_full_aassr,opaque_dependency_l6,557,0,0.0,0.046875,,,,,0.0,0.7208333333333333
transfer,from_scratch_full_aassr,opaque_dependency_l6,557,1,0.0,0.046875,,,,,0.0,0.7208333333333333
transfer,from_scratch_full_aassr,opaque_dependency_l6,557,4,0.0,0.046875,,,,,0.0,0.7208333333333333
transfer,from_scratch_full_aassr,opaque_dependency_l6,557,16,0.0,0.046875,,,,,0.0,0.7208333333333333
transfer,from_scratch_full_aassr,opaque_dependency_l6,557,64,0.125,0.046875,,,,,0.0,0.7208333333333333
transfer,from_scratch_full_aassr,opaque_dependency_l6,601,0,0.0,0.31640625,,,,,0.0,0.6166666666666666
transfer,from_scratch_full_aassr,opaque_dependency_l6,601,1,0.0,0.31640625,,,,,0.0,0.6166666666666666
transfer,from_scratch_full_aassr,opaque_dependency_l6,601,4,0.0,0.31640625,,,,,0.0,0.6166666666666666
transfer,from_scratch_full_aassr,opaque_dependency_l6,601,16,0.375,0.31640625,,,,,0.0,0.6166666666666666
transfer,from_scratch_full_aassr,opaque_dependency_l6,601,64,0.375,0.31640625,,,,,0.0,0.6166666666666666
transfer,from_scratch_full_aassr,opaque_dependency_l6,659,0,0.0,0.2255859375,,,,,0.0,0.625
transfer,from_scratch_full_aassr,opaque_dependency_l6,659,1,0.0,0.2255859375,,,,,0.0,0.625
transfer,from_scratch_full_aassr,opaque_dependency_l6,659,4,0.125,0.2255859375,,,,,0.0,0.625
transfer,from_scratch_full_aassr,opaque_dependency_l6,659,16,0.25,0.2255859375,,,,,0.0,0.625
transfer,from_scratch_full_aassr,opaque_dependency_l6,659,64,0.25,0.2255859375,,,,,0.0,0.625
transfer,from_scratch_full_aassr,opaque_dependency_l6,701,0,0.0,0.10546875,,,,,0.0,0.6708333333333334
transfer,from_scratch_full_aassr,opaque_dependency_l6,701,1,0.0,0.10546875,,,,,0.0,0.6708333333333334
transfer,from_scratch_full_aassr,opaque_dependency_l6,701,4,0.0,0.10546875,,,,,0.0,0.6708333333333334
transfer,from_scratch_full_aassr,opaque_dependency_l6,701,16,0.125,0.10546875,,,,,0.0,0.6708333333333334
transfer,from_scratch_full_aassr,opaque_dependency_l6,701,64,0.125,0.10546875,,,,,0.0,0.6708333333333334
transfer,from_scratch_full_aassr,opaque_dependency_l6,761,0,0.0,0.1669921875,,,,,0.0,0.6625
transfer,from_scratch_full_aassr,opaque_dependency_l6,761,1,0.0,0.1669921875,,,,,0.0,0.6625
transfer,from_scratch_full_aassr,opaque_dependency_l6,761,4,0.125,0.1669921875,,,,,0.0,0.6625
transfer,from_scratch_full_aassr,opaque_dependency_l6,761,16,0.125,0.1669921875,,,,,0.0,0.6625
transfer,from_scratch_full_aassr,opaque_dependency_l6,761,64,0.25,0.1669921875,,,,,0.0,0.6625
transfer,from_scratch_full_aassr,opaque_dependency_l6,809,0,0.0,0.0,,,,,0.0,0.7666666666666666
transfer,from_scratch_full_aassr,opaque_dependency_l6,809,1,0.0,0.0,,,,,0.0,0.7666666666666666
transfer,from_scratch_full_aassr,opaque_dependency_l6,809,4,0.0,0.0,,,,,0.0,0.7666666666666666
transfer,from_scratch_full_aassr,opaque_dependency_l6,809,16,0.0,0.0,,,,,0.0,0.7666666666666666
transfer,from_scratch_full_aassr,opaque_dependency_l6,809,64,0.0,0.0,,,,,0.0,0.7666666666666666
transfer,from_scratch_full_aassr,opaque_dependency_l6,857,0,0.0,0.046875,,,,,0.0,0.75
transfer,from_scratch_full_aassr,opaque_dependency_l6,857,1,0.0,0.046875,,,,,0.0,0.75
transfer,from_scratch_full_aassr,opaque_dependency_l6,857,4,0.0,0.046875,,,,,0.0,0.75
transfer,from_scratch_full_aassr,opaque_dependency_l6,857,16,0.0,0.046875,,,,,0.0,0.75
transfer,from_scratch_full_aassr,opaque_dependency_l6,857,64,0.125,0.046875,,,,,0.0,0.75
transfer,from_scratch_full_aassr,opaque_dependency_l6,907,0,0.0,0.1669921875,,,,,0.0,0.6666666666666666
transfer,from_scratch_full_aassr,opaque_dependency_l6,907,1,0.0,0.1669921875,,,,,0.0,0.6666666666666666
transfer,from_scratch_full_aassr,opaque_dependency_l6,907,4,0.125,0.1669921875,,,,,0.0,0.6666666666666666
transfer,from_scratch_full_aassr,opaque_dependency_l6,907,16,0.125,0.1669921875,,,,,0.0,0.6666666666666666
transfer,from_scratch_full_aassr,opaque_dependency_l6,907,64,0.25,0.1669921875,,,,,0.0,0.6666666666666666
transfer,from_scratch_full_aassr,opaque_dependency_l6,953,0,0.0,0.1875,64,,0,,0.0,0.6541666666666667
transfer,from_scratch_full_aassr,opaque_dependency_l6,953,1,0.0,0.1875,64,,0,,0.0,0.6541666666666667
transfer,from_scratch_full_aassr,opaque_dependency_l6,953,4,0.0,0.1875,64,,0,,0.0,0.6541666666666667
transfer,from_scratch_full_aassr,opaque_dependency_l6,953,16,0.0,0.1875,64,,0,,0.0,0.6541666666666667
transfer,from_scratch_full_aassr,opaque_dependency_l6,953,64,0.5,0.1875,64,,0,,0.0,0.6541666666666667
transfer,full_transfer,opaque_dependency_l6,1009,0,0.0,0.046875,,,,,0.046875,0.7083333333333334
transfer,full_transfer,opaque_dependency_l6,1009,1,0.0,0.046875,,,,,0.046875,0.7083333333333334
transfer,full_transfer,opaque_dependency_l6,1009,4,0.0,0.046875,,,,,0.046875,0.7083333333333334
transfer,full_transfer,opaque_dependency_l6,1009,16,0.0,0.046875,,,,,0.046875,0.7083333333333334
transfer,full_transfer,opaque_dependency_l6,1009,64,0.125,0.046875,,,,,0.046875,0.7083333333333334
transfer,full_transfer,opaque_dependency_l6,1061,0,0.0,0.0,,,,,-0.046875,0.8
transfer,full_transfer,opaque_dependency_l6,1061,1,0.0,0.0,,,,,-0.046875,0.8
transfer,full_transfer,opaque_dependency_l6,1061,4,0.0,0.0,,,,,-0.046875,0.8
transfer,full_transfer,opaque_dependency_l6,1061,16,0.0,0.0,,,,,-0.046875,0.8
transfer,full_transfer,opaque_dependency_l6,1061,64,0.0,0.0,,,,,-0.046875,0.8
transfer,full_transfer,opaque_dependency_l6,1103,0,0.0,0.556640625,16,,,,0.298828125,0.44583333333333336
transfer,full_transfer,opaque_dependency_l6,1103,1,0.0,0.556640625,16,,,,0.298828125,0.44583333333333336
transfer,full_transfer,opaque_dependency_l6,1103,4,0.25,0.556640625,16,,,,0.298828125,0.44583333333333336
transfer,full_transfer,opaque_dependency_l6,1103,16,0.625,0.556640625,16,,,,0.298828125,0.44583333333333336
transfer,full_transfer,opaque_dependency_l6,1103,64,0.625,0.556640625,16,,,,0.298828125,0.44583333333333336
transfer,full_transfer,opaque_dependency_l6,1151,0,0.0,0.09375,,,,,0.046875,0.7166666666666667
transfer,full_transfer,opaque_dependency_l6,1151,1,0.0,0.09375,,,,,0.046875,0.7166666666666667
transfer,full_transfer,opaque_dependency_l6,1151,4,0.0,0.09375,,,,,0.046875,0.7166666666666667
transfer,full_transfer,opaque_dependency_l6,1151,16,0.0,0.09375,,,,,0.046875,0.7166666666666667
transfer,full_transfer,opaque_dependency_l6,1151,64,0.25,0.09375,,,,,0.046875,0.7166666666666667
transfer,full_transfer,opaque_dependency_l6,1201,0,0.0,0.0,,,,,-0.046875,0.8
transfer,full_transfer,opaque_dependency_l6,1201,1,0.0,0.0,,,,,-0.046875,0.8
transfer,full_transfer,opaque_dependency_l6,1201,4,0.0,0.0,,,,,-0.046875,0.8
transfer,full_transfer,opaque_dependency_l6,1201,16,0.0,0.0,,,,,-0.046875,0.8
transfer,full_transfer,opaque_dependency_l6,1201,64,0.0,0.0,,,,,-0.046875,0.8
transfer,full_transfer,opaque_dependency_l6,1259,0,0.0,0.1669921875,,,,,0.1201171875,0.6083333333333334
transfer,full_transfer,opaque_dependency_l6,1259,1,0.0,0.1669921875,,,,,0.1201171875,0.6083333333333334
transfer,full_transfer,opaque_dependency_l6,1259,4,0.125,0.1669921875,,,,,0.1201171875,0.6083333333333334
transfer,full_transfer,opaque_dependency_l6,1259,16,0.125,0.1669921875,,,,,0.1201171875,0.6083333333333334
transfer,full_transfer,opaque_dependency_l6,1259,64,0.25,0.1669921875,,,,,0.1201171875,0.6083333333333334
transfer,full_transfer,opaque_dependency_l6,1301,0,0.0,0.421875,16,,,,0.2978515625,0.5
transfer,full_transfer,opaque_dependency_l6,1301,1,0.0,0.421875,16,,,,0.2978515625,0.5
transfer,full_transfer,opaque_dependency_l6,1301,4,0.0,0.421875,16,,,,0.2978515625,0.5
transfer,full_transfer,opaque_dependency_l6,1301,16,0.5,0.421875,16,,,,0.2978515625,0.5
transfer,full_transfer,opaque_dependency_l6,1301,64,0.5,0.421875,16,,,,0.2978515625,0.5
transfer,full_transfer,opaque_dependency_l6,131,0,0.0,0.10546875,,,,,0.01171875,0.7166666666666667
transfer,full_transfer,opaque_dependency_l6,131,1,0.0,0.10546875,,,,,0.01171875,0.7166666666666667
transfer,full_transfer,opaque_dependency_l6,131,4,0.0,0.10546875,,,,,0.01171875,0.7166666666666667
transfer,full_transfer,opaque_dependency_l6,131,16,0.125,0.10546875,,,,,0.01171875,0.7166666666666667
transfer,full_transfer,opaque_dependency_l6,131,64,0.125,0.10546875,,,,,0.01171875,0.7166666666666667
transfer,full_transfer,opaque_dependency_l6,1361,0,0.0,0.09375,,,,,0.046875,0.7166666666666667
transfer,full_transfer,opaque_dependency_l6,1361,1,0.0,0.09375,,,,,0.046875,0.7166666666666667
transfer,full_transfer,opaque_dependency_l6,1361,4,0.0,0.09375,,,,,0.046875,0.7166666666666667
transfer,full_transfer,opaque_dependency_l6,1361,16,0.0,0.09375,,,,,0.046875,0.7166666666666667
transfer,full_transfer,opaque_dependency_l6,1361,64,0.25,0.09375,,,,,0.046875,0.7166666666666667
transfer,full_transfer,opaque_dependency_l6,1423,0,0.0,0.0,,,,,-0.2255859375,0.7666666666666666
transfer,full_transfer,opaque_dependency_l6,1423,1,0.0,0.0,,,,,-0.2255859375,0.7666666666666666
transfer,full_transfer,opaque_dependency_l6,1423,4,0.0,0.0,,,,,-0.2255859375,0.7666666666666666
transfer,full_transfer,opaque_dependency_l6,1423,16,0.0,0.0,,,,,-0.2255859375,0.7666666666666666
transfer,full_transfer,opaque_dependency_l6,1423,64,0.0,0.0,,,,,-0.2255859375,0.7666666666666666
transfer,full_transfer,opaque_dependency_l6,1481,0,0.0,0.2109375,,,,,0.2109375,0.6
transfer,full_transfer,opaque_dependency_l6,1481,1,0.0,0.2109375,,,,,0.2109375,0.6
transfer,full_transfer,opaque_dependency_l6,1481,4,0.0,0.2109375,,,,,0.2109375,0.6
transfer,full_transfer,opaque_dependency_l6,1481,16,0.25,0.2109375,,,,,0.2109375,0.6
transfer,full_transfer,opaque_dependency_l6,1481,64,0.25,0.2109375,,,,,0.2109375,0.6
transfer,full_transfer,opaque_dependency_l6,1543,0,0.0,0.19921875,,,,,0.09375,0.6333333333333334
transfer,full_transfer,opaque_dependency_l6,1543,1,0.0,0.19921875,,,,,0.09375,0.6333333333333334
transfer,full_transfer,opaque_dependency_l6,1543,4,0.0,0.19921875,,,,,0.09375,0.6333333333333334
transfer,full_transfer,opaque_dependency_l6,1543,16,0.125,0.19921875,,,,,0.09375,0.6333333333333334
transfer,full_transfer,opaque_dependency_l6,1543,64,0.375,0.19921875,,,,,0.09375,0.6333333333333334
transfer,full_transfer,opaque_dependency_l6,1601,0,0.0,0.10546875,,,,,-0.15234375,0.75
transfer,full_transfer,opaque_dependency_l6,1601,1,0.0,0.10546875,,,,,-0.15234375,0.75
transfer,full_transfer,opaque_dependency_l6,1601,4,0.0,0.10546875,,,,,-0.15234375,0.75
transfer,full_transfer,opaque_dependency_l6,1601,16,0.125,0.10546875,,,,,-0.15234375,0.75
transfer,full_transfer,opaque_dependency_l6,1601,64,0.125,0.10546875,,,,,-0.15234375,0.75
transfer,full_transfer,opaque_dependency_l6,173,0,0.0,0.140625,,,,,0.09375,0.725
transfer,full_transfer,opaque_dependency_l6,173,1,0.0,0.140625,,,,,0.09375,0.725
transfer,full_transfer,opaque_dependency_l6,173,4,0.0,0.140625,,,,,0.09375,0.725
transfer,full_transfer,opaque_dependency_l6,173,16,0.0,0.140625,,,,,0.09375,0.725
transfer,full_transfer,opaque_dependency_l6,173,64,0.375,0.140625,,,,,0.09375,0.725
transfer,full_transfer,opaque_dependency_l6,211,0,0.0,0.19921875,,,,,0.0,0.7
transfer,full_transfer,opaque_dependency_l6,211,1,0.0,0.19921875,,,,,0.0,0.7
transfer,full_transfer,opaque_dependency_l6,211,4,0.0,0.19921875,,,,,0.0,0.7
transfer,full_transfer,opaque_dependency_l6,211,16,0.125,0.19921875,,,,,0.0,0.7
transfer,full_transfer,opaque_dependency_l6,211,64,0.375,0.19921875,,,,,0.0,0.7
transfer,full_transfer,opaque_dependency_l6,257,0,0.0,0.09375,,,,,-0.01171875,0.7166666666666667
transfer,full_transfer,opaque_dependency_l6,257,1,0.0,0.09375,,,,,-0.01171875,0.7166666666666667
transfer,full_transfer,opaque_dependency_l6,257,4,0.0,0.09375,,,,,-0.01171875,0.7166666666666667
transfer,full_transfer,opaque_dependency_l6,257,16,0.0,0.09375,,,,,-0.01171875,0.7166666666666667
transfer,full_transfer,opaque_dependency_l6,257,64,0.25,0.09375,,,,,-0.01171875,0.7166666666666667
transfer,full_transfer,opaque_dependency_l6,307,0,0.0,0.15234375,,,,,-0.0146484375,0.6916666666666667
transfer,full_transfer,opaque_dependency_l6,307,1,0.0,0.15234375,,,,,-0.0146484375,0.6916666666666667
transfer,full_transfer,opaque_dependency_l6,307,4,0.0,0.15234375,,,,,-0.0146484375,0.6916666666666667
transfer,full_transfer,opaque_dependency_l6,307,16,0.125,0.15234375,,,,,-0.0146484375,0.6916666666666667
transfer,full_transfer,opaque_dependency_l6,307,64,0.25,0.15234375,,,,,-0.0146484375,0.6916666666666667
transfer,full_transfer,opaque_dependency_l6,353,0,0.0,0.10546875,,,,,0.0,0.75
transfer,full_transfer,opaque_dependency_l6,353,1,0.0,0.10546875,,,,,0.0,0.75
transfer,full_transfer,opaque_dependency_l6,353,4,0.0,0.10546875,,,,,0.0,0.75
transfer,full_transfer,opaque_dependency_l6,353,16,0.125,0.10546875,,,,,0.0,0.75
transfer,full_transfer,opaque_dependency_l6,353,64,0.125,0.10546875,,,,,0.0,0.75
transfer,full_transfer,opaque_dependency_l6,401,0,0.0,0.140625,,,,,0.09375,0.725
transfer,full_transfer,opaque_dependency_l6,401,1,0.0,0.140625,,,,,0.09375,0.725
transfer,full_transfer,opaque_dependency_l6,401,4,0.0,0.140625,,,,,0.09375,0.725
transfer,full_transfer,opaque_dependency_l6,401,16,0.0,0.140625,,,,,0.09375,0.725
transfer,full_transfer,opaque_dependency_l6,401,64,0.375,0.140625,,,,,0.09375,0.725
transfer,full_transfer,opaque_dependency_l6,457,0,0.0,0.09375,,,,,-0.0263671875,0.65
transfer,full_transfer,opaque_dependency_l6,457,1,0.0,0.09375,,,,,-0.0263671875,0.65
transfer,full_transfer,opaque_dependency_l6,457,4,0.0,0.09375,,,,,-0.0263671875,0.65
transfer,full_transfer,opaque_dependency_l6,457,16,0.0,0.09375,,,,,-0.0263671875,0.65
transfer,full_transfer,opaque_dependency_l6,457,64,0.25,0.09375,,,,,-0.0263671875,0.65
transfer,full_transfer,opaque_dependency_l6,503,0,0.0,0.09375,,,,,-0.1669921875,0.75
transfer,full_transfer,opaque_dependency_l6,503,1,0.0,0.09375,,,,,-0.1669921875,0.75
transfer,full_transfer,opaque_dependency_l6,503,4,0.0,0.09375,,,,,-0.1669921875,0.75
transfer,full_transfer,opaque_dependency_l6,503,16,0.0,0.09375,,,,,-0.1669921875,0.75
transfer,full_transfer,opaque_dependency_l6,503,64,0.25,0.09375,,,,,-0.1669921875,0.75
transfer,full_transfer,opaque_dependency_l6,557,0,0.0,0.1201171875,,,,,0.0732421875,0.6916666666666667
transfer,full_transfer,opaque_dependency_l6,557,1,0.0,0.1201171875,,,,,0.0732421875,0.6916666666666667
transfer,full_transfer,opaque_dependency_l6,557,4,0.125,0.1201171875,,,,,0.0732421875,0.6916666666666667
transfer,full_transfer,opaque_dependency_l6,557,16,0.125,0.1201171875,,,,,0.0732421875,0.6916666666666667
transfer,full_transfer,opaque_dependency_l6,557,64,0.125,0.1201171875,,,,,0.0732421875,0.6916666666666667
transfer,full_transfer,opaque_dependency_l6,601,0,0.0,0.046875,,,,,-0.26953125,0.775
transfer,full_transfer,opaque_dependency_l6,601,1,0.0,0.046875,,,,,-0.26953125,0.775
transfer,full_transfer,opaque_dependency_l6,601,4,0.0,0.046875,,,,,-0.26953125,0.775
transfer,full_transfer,opaque_dependency_l6,601,16,0.0,0.046875,,,,,-0.26953125,0.775
transfer,full_transfer,opaque_dependency_l6,601,64,0.125,0.046875,,,,,-0.26953125,0.775
transfer,full_transfer,opaque_dependency_l6,659,0,0.0,0.2109375,,,,,-0.0146484375,0.6333333333333334
transfer,full_transfer,opaque_dependency_l6,659,1,0.0,0.2109375,,,,,-0.0146484375,0.6333333333333334
transfer,full_transfer,opaque_dependency_l6,659,4,0.0,0.2109375,,,,,-0.0146484375,0.6333333333333334
transfer,full_transfer,opaque_dependency_l6,659,16,0.25,0.2109375,,,,,-0.0146484375,0.6333333333333334
transfer,full_transfer,opaque_dependency_l6,659,64,0.25,0.2109375,,,,,-0.0146484375,0.6333333333333334
transfer,full_transfer,opaque_dependency_l6,701,0,0.0,0.046875,,,,,-0.05859375,0.7416666666666666
transfer,full_transfer,opaque_dependency_l6,701,1,0.0,0.046875,,,,,-0.05859375,0.7416666666666666
transfer,full_transfer,opaque_dependency_l6,701,4,0.0,0.046875,,,,,-0.05859375,0.7416666666666666
transfer,full_transfer,opaque_dependency_l6,701,16,0.0,0.046875,,,,,-0.05859375,0.7416666666666666
transfer,full_transfer,opaque_dependency_l6,701,64,0.125,0.046875,,,,,-0.05859375,0.7416666666666666
transfer,full_transfer,opaque_dependency_l6,761,0,0.0,0.140625,,,,,-0.0263671875,0.725
transfer,full_transfer,opaque_dependency_l6,761,1,0.0,0.140625,,,,,-0.0263671875,0.725
transfer,full_transfer,opaque_dependency_l6,761,4,0.0,0.140625,,,,,-0.0263671875,0.725
transfer,full_transfer,opaque_dependency_l6,761,16,0.0,0.140625,,,,,-0.0263671875,0.725
transfer,full_transfer,opaque_dependency_l6,761,64,0.375,0.140625,,,,,-0.0263671875,0.725
transfer,full_transfer,opaque_dependency_l6,809,0,0.0,0.1201171875,,,,,0.1201171875,0.6916666666666667
transfer,full_transfer,opaque_dependency_l6,809,1,0.0,0.1201171875,,,,,0.1201171875,0.6916666666666667
transfer,full_transfer,opaque_dependency_l6,809,4,0.125,0.1201171875,,,,,0.1201171875,0.6916666666666667
transfer,full_transfer,opaque_dependency_l6,809,16,0.125,0.1201171875,,,,,0.1201171875,0.6916666666666667
transfer,full_transfer,opaque_dependency_l6,809,64,0.125,0.1201171875,,,,,0.1201171875,0.6916666666666667
transfer,full_transfer,opaque_dependency_l6,857,0,0.0,0.2607421875,64,,,,0.2138671875,0.5833333333333334
transfer,full_transfer,opaque_dependency_l6,857,1,0.0,0.2607421875,64,,,,0.2138671875,0.5833333333333334
transfer,full_transfer,opaque_dependency_l6,857,4,0.125,0.2607421875,64,,,,0.2138671875,0.5833333333333334
transfer,full_transfer,opaque_dependency_l6,857,16,0.125,0.2607421875,64,,,,0.2138671875,0.5833333333333334
transfer,full_transfer,opaque_dependency_l6,857,64,0.5,0.2607421875,64,,,,0.2138671875,0.5833333333333334
transfer,full_transfer,opaque_dependency_l6,907,0,0.0,0.046875,,,,,-0.1201171875,0.775
transfer,full_transfer,opaque_dependency_l6,907,1,0.0,0.046875,,,,,-0.1201171875,0.775
transfer,full_transfer,opaque_dependency_l6,907,4,0.0,0.046875,,,,,-0.1201171875,0.775
transfer,full_transfer,opaque_dependency_l6,907,16,0.0,0.046875,,,,,-0.1201171875,0.775
transfer,full_transfer,opaque_dependency_l6,907,64,0.125,0.046875,,,,,-0.1201171875,0.775
transfer,full_transfer,opaque_dependency_l6,953,0,0.0,0.046875,,,,,-0.140625,0.7416666666666666
transfer,full_transfer,opaque_dependency_l6,953,1,0.0,0.046875,,,,,-0.140625,0.7416666666666666
transfer,full_transfer,opaque_dependency_l6,953,4,0.0,0.046875,,,,,-0.140625,0.7416666666666666
transfer,full_transfer,opaque_dependency_l6,953,16,0.0,0.046875,,,,,-0.140625,0.7416666666666666
transfer,full_transfer,opaque_dependency_l6,953,64,0.125,0.046875,,,,,-0.140625,0.7416666666666666
transfer,policy_reset_effect_retained,opaque_dependency_l6,1009,0,0.0,0.046875,,,,,0.046875,0.7375
transfer,policy_reset_effect_retained,opaque_dependency_l6,1009,1,0.0,0.046875,,,,,0.046875,0.7375
transfer,policy_reset_effect_retained,opaque_dependency_l6,1009,4,0.0,0.046875,,,,,0.046875,0.7375
transfer,policy_reset_effect_retained,opaque_dependency_l6,1009,16,0.0,0.046875,,,,,0.046875,0.7375
transfer,policy_reset_effect_retained,opaque_dependency_l6,1009,64,0.125,0.046875,,,,,0.046875,0.7375
transfer,policy_reset_effect_retained,opaque_dependency_l6,1061,0,0.0,0.0,,,,,-0.046875,0.7458333333333333
transfer,policy_reset_effect_retained,opaque_dependency_l6,1061,1,0.0,0.0,,,,,-0.046875,0.7458333333333333
transfer,policy_reset_effect_retained,opaque_dependency_l6,1061,4,0.0,0.0,,,,,-0.046875,0.7458333333333333
transfer,policy_reset_effect_retained,opaque_dependency_l6,1061,16,0.0,0.0,,,,,-0.046875,0.7458333333333333
transfer,policy_reset_effect_retained,opaque_dependency_l6,1061,64,0.0,0.0,,,,,-0.046875,0.7458333333333333
transfer,policy_reset_effect_retained,opaque_dependency_l6,1103,0,0.0,0.345703125,,,,,0.087890625,0.5708333333333334
transfer,policy_reset_effect_retained,opaque_dependency_l6,1103,1,0.0,0.345703125,,,,,0.087890625,0.5708333333333334
transfer,policy_reset_effect_retained,opaque_dependency_l6,1103,4,0.25,0.345703125,,,,,0.087890625,0.5708333333333334
transfer,policy_reset_effect_retained,opaque_dependency_l6,1103,16,0.375,0.345703125,,,,,0.087890625,0.5708333333333334
transfer,policy_reset_effect_retained,opaque_dependency_l6,1103,64,0.375,0.345703125,,,,,0.087890625,0.5708333333333334
transfer,policy_reset_effect_retained,opaque_dependency_l6,1151,0,0.0,0.09375,,,,,0.046875,0.6958333333333334
transfer,policy_reset_effect_retained,opaque_dependency_l6,1151,1,0.0,0.09375,,,,,0.046875,0.6958333333333334
transfer,policy_reset_effect_retained,opaque_dependency_l6,1151,4,0.0,0.09375,,,,,0.046875,0.6958333333333334
transfer,policy_reset_effect_retained,opaque_dependency_l6,1151,16,0.0,0.09375,,,,,0.046875,0.6958333333333334
transfer,policy_reset_effect_retained,opaque_dependency_l6,1151,64,0.25,0.09375,,,,,0.046875,0.6958333333333334
transfer,policy_reset_effect_retained,opaque_dependency_l6,1201,0,0.0,0.2109375,,,,,0.1640625,0.6541666666666667
transfer,policy_reset_effect_retained,opaque_dependency_l6,1201,1,0.0,0.2109375,,,,,0.1640625,0.6541666666666667
transfer,policy_reset_effect_retained,opaque_dependency_l6,1201,4,0.0,0.2109375,,,,,0.1640625,0.6541666666666667
transfer,policy_reset_effect_retained,opaque_dependency_l6,1201,16,0.25,0.2109375,,,,,0.1640625,0.6541666666666667
transfer,policy_reset_effect_retained,opaque_dependency_l6,1201,64,0.25,0.2109375,,,,,0.1640625,0.6541666666666667
transfer,policy_reset_effect_retained,opaque_dependency_l6,1259,0,0.0,0.1669921875,,,,,0.1201171875,0.6666666666666666
transfer,policy_reset_effect_retained,opaque_dependency_l6,1259,1,0.0,0.1669921875,,,,,0.1201171875,0.6666666666666666
transfer,policy_reset_effect_retained,opaque_dependency_l6,1259,4,0.125,0.1669921875,,,,,0.1201171875,0.6666666666666666
transfer,policy_reset_effect_retained,opaque_dependency_l6,1259,16,0.125,0.1669921875,,,,,0.1201171875,0.6666666666666666
transfer,policy_reset_effect_retained,opaque_dependency_l6,1259,64,0.25,0.1669921875,,,,,0.1201171875,0.6666666666666666
transfer,policy_reset_effect_retained,opaque_dependency_l6,1301,0,0.0,0.5302734375,16,,,,0.40625,0.475
transfer,policy_reset_effect_retained,opaque_dependency_l6,1301,1,0.0,0.5302734375,16,,,,0.40625,0.475
transfer,policy_reset_effect_retained,opaque_dependency_l6,1301,4,0.125,0.5302734375,16,,,,0.40625,0.475
transfer,policy_reset_effect_retained,opaque_dependency_l6,1301,16,0.5,0.5302734375,16,,,,0.40625,0.475
transfer,policy_reset_effect_retained,opaque_dependency_l6,1301,64,0.75,0.5302734375,16,,,,0.40625,0.475
transfer,policy_reset_effect_retained,opaque_dependency_l6,131,0,0.0,0.10546875,,,,,0.01171875,0.6833333333333333
transfer,policy_reset_effect_retained,opaque_dependency_l6,131,1,0.0,0.10546875,,,,,0.01171875,0.6833333333333333
transfer,policy_reset_effect_retained,opaque_dependency_l6,131,4,0.0,0.10546875,,,,,0.01171875,0.6833333333333333
transfer,policy_reset_effect_retained,opaque_dependency_l6,131,16,0.125,0.10546875,,,,,0.01171875,0.6833333333333333
transfer,policy_reset_effect_retained,opaque_dependency_l6,131,64,0.125,0.10546875,,,,,0.01171875,0.6833333333333333
transfer,policy_reset_effect_retained,opaque_dependency_l6,1361,0,0.0,0.09375,,,,,0.046875,0.6916666666666667
transfer,policy_reset_effect_retained,opaque_dependency_l6,1361,1,0.0,0.09375,,,,,0.046875,0.6916666666666667
transfer,policy_reset_effect_retained,opaque_dependency_l6,1361,4,0.0,0.09375,,,,,0.046875,0.6916666666666667
transfer,policy_reset_effect_retained,opaque_dependency_l6,1361,16,0.0,0.09375,,,,,0.046875,0.6916666666666667
transfer,policy_reset_effect_retained,opaque_dependency_l6,1361,64,0.25,0.09375,,,,,0.046875,0.6916666666666667
transfer,policy_reset_effect_retained,opaque_dependency_l6,1423,0,0.0,0.09375,,,,,-0.1318359375,0.7125
transfer,policy_reset_effect_retained,opaque_dependency_l6,1423,1,0.0,0.09375,,,,,-0.1318359375,0.7125
transfer,policy_reset_effect_retained,opaque_dependency_l6,1423,4,0.0,0.09375,,,,,-0.1318359375,0.7125
transfer,policy_reset_effect_retained,opaque_dependency_l6,1423,16,0.0,0.09375,,,,,-0.1318359375,0.7125
transfer,policy_reset_effect_retained,opaque_dependency_l6,1423,64,0.25,0.09375,,,,,-0.1318359375,0.7125
transfer,policy_reset_effect_retained,opaque_dependency_l6,1481,0,0.0,0.0,,,,,0.0,0.7666666666666666
transfer,policy_reset_effect_retained,opaque_dependency_l6,1481,1,0.0,0.0,,,,,0.0,0.7666666666666666
transfer,policy_reset_effect_retained,opaque_dependency_l6,1481,4,0.0,0.0,,,,,0.0,0.7666666666666666
transfer,policy_reset_effect_retained,opaque_dependency_l6,1481,16,0.0,0.0,,,,,0.0,0.7666666666666666
transfer,policy_reset_effect_retained,opaque_dependency_l6,1481,64,0.0,0.0,,,,,0.0,0.7666666666666666
transfer,policy_reset_effect_retained,opaque_dependency_l6,1543,0,0.0,0.09375,,,,,-0.01171875,0.7291666666666666
transfer,policy_reset_effect_retained,opaque_dependency_l6,1543,1,0.0,0.09375,,,,,-0.01171875,0.7291666666666666
transfer,policy_reset_effect_retained,opaque_dependency_l6,1543,4,0.0,0.09375,,,,,-0.01171875,0.7291666666666666
transfer,policy_reset_effect_retained,opaque_dependency_l6,1543,16,0.0,0.09375,,,,,-0.01171875,0.7291666666666666
transfer,policy_reset_effect_retained,opaque_dependency_l6,1543,64,0.25,0.09375,,,,,-0.01171875,0.7291666666666666
transfer,policy_reset_effect_retained,opaque_dependency_l6,1601,0,0.0,0.2255859375,,,,,-0.0322265625,0.6
transfer,policy_reset_effect_retained,opaque_dependency_l6,1601,1,0.0,0.2255859375,,,,,-0.0322265625,0.6
transfer,policy_reset_effect_retained,opaque_dependency_l6,1601,4,0.125,0.2255859375,,,,,-0.0322265625,0.6
transfer,policy_reset_effect_retained,opaque_dependency_l6,1601,16,0.25,0.2255859375,,,,,-0.0322265625,0.6
transfer,policy_reset_effect_retained,opaque_dependency_l6,1601,64,0.25,0.2255859375,,,,,-0.0322265625,0.6
transfer,policy_reset_effect_retained,opaque_dependency_l6,173,0,0.0,0.1875,64,,,,0.140625,0.6583333333333333
transfer,policy_reset_effect_retained,opaque_dependency_l6,173,1,0.0,0.1875,64,,,,0.140625,0.6583333333333333
transfer,policy_reset_effect_retained,opaque_dependency_l6,173,4,0.0,0.1875,64,,,,0.140625,0.6583333333333333
transfer,policy_reset_effect_retained,opaque_dependency_l6,173,16,0.0,0.1875,64,,,,0.140625,0.6583333333333333
transfer,policy_reset_effect_retained,opaque_dependency_l6,173,64,0.5,0.1875,64,,,,0.140625,0.6583333333333333
transfer,policy_reset_effect_retained,opaque_dependency_l6,211,0,0.0,0.1669921875,,,,,-0.0322265625,0.6833333333333333
transfer,policy_reset_effect_retained,opaque_dependency_l6,211,1,0.0,0.1669921875,,,,,-0.0322265625,0.6833333333333333
transfer,policy_reset_effect_retained,opaque_dependency_l6,211,4,0.125,0.1669921875,,,,,-0.0322265625,0.6833333333333333
transfer,policy_reset_effect_retained,opaque_dependency_l6,211,16,0.125,0.1669921875,,,,,-0.0322265625,0.6833333333333333
transfer,policy_reset_effect_retained,opaque_dependency_l6,211,64,0.25,0.1669921875,,,,,-0.0322265625,0.6833333333333333
transfer,policy_reset_effect_retained,opaque_dependency_l6,257,0,0.0,0.09375,,,,,-0.01171875,0.7
transfer,policy_reset_effect_retained,opaque_dependency_l6,257,1,0.0,0.09375,,,,,-0.01171875,0.7
transfer,policy_reset_effect_retained,opaque_dependency_l6,257,4,0.0,0.09375,,,,,-0.01171875,0.7
transfer,policy_reset_effect_retained,opaque_dependency_l6,257,16,0.0,0.09375,,,,,-0.01171875,0.7
transfer,policy_reset_effect_retained,opaque_dependency_l6,257,64,0.25,0.09375,,,,,-0.01171875,0.7
transfer,policy_reset_effect_retained,opaque_dependency_l6,307,0,0.0,0.15234375,,,,,-0.0146484375,0.6916666666666667
transfer,policy_reset_effect_retained,opaque_dependency_l6,307,1,0.0,0.15234375,,,,,-0.0146484375,0.6916666666666667
transfer,policy_reset_effect_retained,opaque_dependency_l6,307,4,0.0,0.15234375,,,,,-0.0146484375,0.6916666666666667
transfer,policy_reset_effect_retained,opaque_dependency_l6,307,16,0.125,0.15234375,,,,,-0.0146484375,0.6916666666666667
transfer,policy_reset_effect_retained,opaque_dependency_l6,307,64,0.25,0.15234375,,,,,-0.0146484375,0.6916666666666667
transfer,policy_reset_effect_retained,opaque_dependency_l6,353,0,0.0,0.09375,,,,,-0.01171875,0.7291666666666666
transfer,policy_reset_effect_retained,opaque_dependency_l6,353,1,0.0,0.09375,,,,,-0.01171875,0.7291666666666666
transfer,policy_reset_effect_retained,opaque_dependency_l6,353,4,0.0,0.09375,,,,,-0.01171875,0.7291666666666666
transfer,policy_reset_effect_retained,opaque_dependency_l6,353,16,0.0,0.09375,,,,,-0.01171875,0.7291666666666666
transfer,policy_reset_effect_retained,opaque_dependency_l6,353,64,0.25,0.09375,,,,,-0.01171875,0.7291666666666666
transfer,policy_reset_effect_retained,opaque_dependency_l6,401,0,0.0,0.046875,,,,,0.0,0.725
transfer,policy_reset_effect_retained,opaque_dependency_l6,401,1,0.0,0.046875,,,,,0.0,0.725
transfer,policy_reset_effect_retained,opaque_dependency_l6,401,4,0.0,0.046875,,,,,0.0,0.725
transfer,policy_reset_effect_retained,opaque_dependency_l6,401,16,0.0,0.046875,,,,,0.0,0.725
transfer,policy_reset_effect_retained,opaque_dependency_l6,401,64,0.125,0.046875,,,,,0.0,0.725
transfer,policy_reset_effect_retained,opaque_dependency_l6,457,0,0.0,0.2255859375,,,,,0.10546875,0.6458333333333334
transfer,policy_reset_effect_retained,opaque_dependency_l6,457,1,0.0,0.2255859375,,,,,0.10546875,0.6458333333333334
transfer,policy_reset_effect_retained,opaque_dependency_l6,457,4,0.125,0.2255859375,,,,,0.10546875,0.6458333333333334
transfer,policy_reset_effect_retained,opaque_dependency_l6,457,16,0.25,0.2255859375,,,,,0.10546875,0.6458333333333334
transfer,policy_reset_effect_retained,opaque_dependency_l6,457,64,0.25,0.2255859375,,,,,0.10546875,0.6458333333333334
transfer,policy_reset_effect_retained,opaque_dependency_l6,503,0,0.0,0.09375,,,,,-0.1669921875,0.6791666666666666
transfer,policy_reset_effect_retained,opaque_dependency_l6,503,1,0.0,0.09375,,,,,-0.1669921875,0.6791666666666666
transfer,policy_reset_effect_retained,opaque_dependency_l6,503,4,0.0,0.09375,,,,,-0.1669921875,0.6791666666666666
transfer,policy_reset_effect_retained,opaque_dependency_l6,503,16,0.0,0.09375,,,,,-0.1669921875,0.6791666666666666
transfer,policy_reset_effect_retained,opaque_dependency_l6,503,64,0.25,0.09375,,,,,-0.1669921875,0.6791666666666666
transfer,policy_reset_effect_retained,opaque_dependency_l6,557,0,0.0,0.1201171875,,,,,0.0732421875,0.675
transfer,policy_reset_effect_retained,opaque_dependency_l6,557,1,0.0,0.1201171875,,,,,0.0732421875,0.675
transfer,policy_reset_effect_retained,opaque_dependency_l6,557,4,0.125,0.1201171875,,,,,0.0732421875,0.675
transfer,policy_reset_effect_retained,opaque_dependency_l6,557,16,0.125,0.1201171875,,,,,0.0732421875,0.675
transfer,policy_reset_effect_retained,opaque_dependency_l6,557,64,0.125,0.1201171875,,,,,0.0732421875,0.675
transfer,policy_reset_effect_retained,opaque_dependency_l6,601,0,0.0,0.0,,,,,-0.31640625,0.7791666666666667
transfer,policy_reset_effect_retained,opaque_dependency_l6,601,1,0.0,0.0,,,,,-0.31640625,0.7791666666666667
transfer,policy_reset_effect_retained,opaque_dependency_l6,601,4,0.0,0.0,,,,,-0.31640625,0.7791666666666667
transfer,policy_reset_effect_retained,opaque_dependency_l6,601,16,0.0,0.0,,,,,-0.31640625,0.7791666666666667
transfer,policy_reset_effect_retained,opaque_dependency_l6,601,64,0.0,0.0,,,,,-0.31640625,0.7791666666666667
transfer,policy_reset_effect_retained,opaque_dependency_l6,659,0,0.0,0.15234375,,,,,-0.0732421875,0.675
transfer,policy_reset_effect_retained,opaque_dependency_l6,659,1,0.0,0.15234375,,,,,-0.0732421875,0.675
transfer,policy_reset_effect_retained,opaque_dependency_l6,659,4,0.0,0.15234375,,,,,-0.0732421875,0.675
transfer,policy_reset_effect_retained,opaque_dependency_l6,659,16,0.125,0.15234375,,,,,-0.0732421875,0.675
transfer,policy_reset_effect_retained,opaque_dependency_l6,659,64,0.25,0.15234375,,,,,-0.0732421875,0.675
transfer,policy_reset_effect_retained,opaque_dependency_l6,701,0,0.0,0.09375,,,,,-0.01171875,0.6875
transfer,policy_reset_effect_retained,opaque_dependency_l6,701,1,0.0,0.09375,,,,,-0.01171875,0.6875
transfer,policy_reset_effect_retained,opaque_dependency_l6,701,4,0.0,0.09375,,,,,-0.01171875,0.6875
transfer,policy_reset_effect_retained,opaque_dependency_l6,701,16,0.0,0.09375,,,,,-0.01171875,0.6875
transfer,policy_reset_effect_retained,opaque_dependency_l6,701,64,0.25,0.09375,,,,,-0.01171875,0.6875
transfer,policy_reset_effect_retained,opaque_dependency_l6,761,0,0.0,0.046875,,,,,-0.1201171875,0.7583333333333334
transfer,policy_reset_effect_retained,opaque_dependency_l6,761,1,0.0,0.046875,,,,,-0.1201171875,0.7583333333333334
transfer,policy_reset_effect_retained,opaque_dependency_l6,761,4,0.0,0.046875,,,,,-0.1201171875,0.7583333333333334
transfer,policy_reset_effect_retained,opaque_dependency_l6,761,16,0.0,0.046875,,,,,-0.1201171875,0.7583333333333334
transfer,policy_reset_effect_retained,opaque_dependency_l6,761,64,0.125,0.046875,,,,,-0.1201171875,0.7583333333333334
transfer,policy_reset_effect_retained,opaque_dependency_l6,809,0,0.0,0.1201171875,,,,,0.1201171875,0.6916666666666667
transfer,policy_reset_effect_retained,opaque_dependency_l6,809,1,0.0,0.1201171875,,,,,0.1201171875,0.6916666666666667
transfer,policy_reset_effect_retained,opaque_dependency_l6,809,4,0.125,0.1201171875,,,,,0.1201171875,0.6916666666666667
transfer,policy_reset_effect_retained,opaque_dependency_l6,809,16,0.125,0.1201171875,,,,,0.1201171875,0.6916666666666667
transfer,policy_reset_effect_retained,opaque_dependency_l6,809,64,0.125,0.1201171875,,,,,0.1201171875,0.6916666666666667
transfer,policy_reset_effect_retained,opaque_dependency_l6,857,0,0.0,0.24609375,64,,,,0.19921875,0.65
transfer,policy_reset_effect_retained,opaque_dependency_l6,857,1,0.0,0.24609375,64,,,,0.19921875,0.65
transfer,policy_reset_effect_retained,opaque_dependency_l6,857,4,0.0,0.24609375,64,,,,0.19921875,0.65
transfer,policy_reset_effect_retained,opaque_dependency_l6,857,16,0.125,0.24609375,64,,,,0.19921875,0.65
transfer,policy_reset_effect_retained,opaque_dependency_l6,857,64,0.5,0.24609375,64,,,,0.19921875,0.65
transfer,policy_reset_effect_retained,opaque_dependency_l6,907,0,0.0,0.046875,,,,,-0.1201171875,0.7458333333333333
transfer,policy_reset_effect_retained,opaque_dependency_l6,907,1,0.0,0.046875,,,,,-0.1201171875,0.7458333333333333
transfer,policy_reset_effect_retained,opaque_dependency_l6,907,4,0.0,0.046875,,,,,-0.1201171875,0.7458333333333333
transfer,policy_reset_effect_retained,opaque_dependency_l6,907,16,0.0,0.046875,,,,,-0.1201171875,0.7458333333333333
transfer,policy_reset_effect_retained,opaque_dependency_l6,907,64,0.125,0.046875,,,,,-0.1201171875,0.7458333333333333
transfer,policy_reset_effect_retained,opaque_dependency_l6,953,0,0.0,0.046875,,,,,-0.140625,0.7291666666666666
transfer,policy_reset_effect_retained,opaque_dependency_l6,953,1,0.0,0.046875,,,,,-0.140625,0.7291666666666666
transfer,policy_reset_effect_retained,opaque_dependency_l6,953,4,0.0,0.046875,,,,,-0.140625,0.7291666666666666
transfer,policy_reset_effect_retained,opaque_dependency_l6,953,16,0.0,0.046875,,,,,-0.140625,0.7291666666666666
transfer,policy_reset_effect_retained,opaque_dependency_l6,953,64,0.125,0.046875,,,,,-0.140625,0.7291666666666666
transfer,policy_reset_prophecy_retained,opaque_dependency_l6,1009,0,0.0,0.10546875,,,,,0.10546875,0.6875
transfer,policy_reset_prophecy_retained,opaque_dependency_l6,1009,1,0.0,0.10546875,,,,,0.10546875,0.6875
transfer,policy_reset_prophecy_retained,opaque_dependency_l6,1009,4,0.0,0.10546875,,,,,0.10546875,0.6875
transfer,policy_reset_prophecy_retained,opaque_dependency_l6,1009,16,0.125,0.10546875,,,,,0.10546875,0.6875
transfer,policy_reset_prophecy_retained,opaque_dependency_l6,1009,64,0.125,0.10546875,,,,,0.10546875,0.6875
transfer,policy_reset_prophecy_retained,opaque_dependency_l6,1061,0,0.0,0.046875,,,,,0.0,0.7208333333333333
transfer,policy_reset_prophecy_retained,opaque_dependency_l6,1061,1,0.0,0.046875,,,,,0.0,0.7208333333333333
transfer,policy_reset_prophecy_retained,opaque_dependency_l6,1061,4,0.0,0.046875,,,,,0.0,0.7208333333333333
transfer,policy_reset_prophecy_retained,opaque_dependency_l6,1061,16,0.0,0.046875,,,,,0.0,0.7208333333333333
transfer,policy_reset_prophecy_retained,opaque_dependency_l6,1061,64,0.125,0.046875,,,,,0.0,0.7208333333333333
transfer,policy_reset_prophecy_retained,opaque_dependency_l6,1103,0,0.0,0.41015625,64,,,,0.15234375,0.5333333333333333
transfer,policy_reset_prophecy_retained,opaque_dependency_l6,1103,1,0.0,0.41015625,64,,,,0.15234375,0.5333333333333333
transfer,policy_reset_prophecy_retained,opaque_dependency_l6,1103,4,0.0,0.41015625,64,,,,0.15234375,0.5333333333333333
transfer,policy_reset_prophecy_retained,opaque_dependency_l6,1103,16,0.375,0.41015625,64,,,,0.15234375,0.5333333333333333
transfer,policy_reset_prophecy_retained,opaque_dependency_l6,1103,64,0.625,0.41015625,64,,,,0.15234375,0.5333333333333333
transfer,policy_reset_prophecy_retained,opaque_dependency_l6,1151,0,0.0,0.046875,,,,,0.0,0.7208333333333333
transfer,policy_reset_prophecy_retained,opaque_dependency_l6,1151,1,0.0,0.046875,,,,,0.0,0.7208333333333333
transfer,policy_reset_prophecy_retained,opaque_dependency_l6,1151,4,0.0,0.046875,,,,,0.0,0.7208333333333333
transfer,policy_reset_prophecy_retained,opaque_dependency_l6,1151,16,0.0,0.046875,,,,,0.0,0.7208333333333333
transfer,policy_reset_prophecy_retained,opaque_dependency_l6,1151,64,0.125,0.046875,,,,,0.0,0.7208333333333333
transfer,policy_reset_prophecy_retained,opaque_dependency_l6,1201,0,0.0,0.2109375,,,,,0.1640625,0.6375
transfer,policy_reset_prophecy_retained,opaque_dependency_l6,1201,1,0.0,0.2109375,,,,,0.1640625,0.6375
transfer,policy_reset_prophecy_retained,opaque_dependency_l6,1201,4,0.0,0.2109375,,,,,0.1640625,0.6375
transfer,policy_reset_prophecy_retained,opaque_dependency_l6,1201,16,0.25,0.2109375,,,,,0.1640625,0.6375
transfer,policy_reset_prophecy_retained,opaque_dependency_l6,1201,64,0.25,0.2109375,,,,,0.1640625,0.6375
transfer,policy_reset_prophecy_retained,opaque_dependency_l6,1259,0,0.0,0.1201171875,,,,,0.0732421875,0.6916666666666667
transfer,policy_reset_prophecy_retained,opaque_dependency_l6,1259,1,0.0,0.1201171875,,,,,0.0732421875,0.6916666666666667
transfer,policy_reset_prophecy_retained,opaque_dependency_l6,1259,4,0.125,0.1201171875,,,,,0.0732421875,0.6916666666666667
transfer,policy_reset_prophecy_retained,opaque_dependency_l6,1259,16,0.125,0.1201171875,,,,,0.0732421875,0.6916666666666667
transfer,policy_reset_prophecy_retained,opaque_dependency_l6,1259,64,0.125,0.1201171875,,,,,0.0732421875,0.6916666666666667
transfer,policy_reset_prophecy_retained,opaque_dependency_l6,1301,0,0.0,0.3193359375,64,,,,0.1953125,0.5583333333333333
transfer,policy_reset_prophecy_retained,opaque_dependency_l6,1301,1,0.0,0.3193359375,64,,,,0.1953125,0.5583333333333333
transfer,policy_reset_prophecy_retained,opaque_dependency_l6,1301,4,0.125,0.3193359375,64,,,,0.1953125,0.5583333333333333
transfer,policy_reset_prophecy_retained,opaque_dependency_l6,1301,16,0.25,0.3193359375,64,,,,0.1953125,0.5583333333333333
transfer,policy_reset_prophecy_retained,opaque_dependency_l6,1301,64,0.5,0.3193359375,64,,,,0.1953125,0.5583333333333333
transfer,policy_reset_prophecy_retained,opaque_dependency_l6,131,0,0.0,0.15234375,,,,,0.05859375,0.6541666666666667
transfer,policy_reset_prophecy_retained,opaque_dependency_l6,131,1,0.0,0.15234375,,,,,0.05859375,0.6541666666666667
transfer,policy_reset_prophecy_retained,opaque_dependency_l6,131,4,0.0,0.15234375,,,,,0.05859375,0.6541666666666667
transfer,policy_reset_prophecy_retained,opaque_dependency_l6,131,16,0.125,0.15234375,,,,,0.05859375,0.6541666666666667
transfer,policy_reset_prophecy_retained,opaque_dependency_l6,131,64,0.25,0.15234375,,,,,0.05859375,0.6541666666666667
transfer,policy_reset_prophecy_retained,opaque_dependency_l6,1361,0,0.0,0.09375,,,,,0.046875,0.6916666666666667
transfer,policy_reset_prophecy_retained,opaque_dependency_l6,1361,1,0.0,0.09375,,,,,0.046875,0.6916666666666667
transfer,policy_reset_prophecy_retained,opaque_dependency_l6,1361,4,0.0,0.09375,,,,,0.046875,0.6916666666666667
transfer,policy_reset_prophecy_retained,opaque_dependency_l6,1361,16,0.0,0.09375,,,,,0.046875,0.6916666666666667
transfer,policy_reset_prophecy_retained,opaque_dependency_l6,1361,64,0.25,0.09375,,,,,0.046875,0.6916666666666667
transfer,policy_reset_prophecy_retained,opaque_dependency_l6,1423,0,0.0,0.1669921875,,,,,-0.05859375,0.6625
transfer,policy_reset_prophecy_retained,opaque_dependency_l6,1423,1,0.0,0.1669921875,,,,,-0.05859375,0.6625
transfer,policy_reset_prophecy_retained,opaque_dependency_l6,1423,4,0.125,0.1669921875,,,,,-0.05859375,0.6625
transfer,policy_reset_prophecy_retained,opaque_dependency_l6,1423,16,0.125,0.1669921875,,,,,-0.05859375,0.6625
transfer,policy_reset_prophecy_retained,opaque_dependency_l6,1423,64,0.25,0.1669921875,,,,,-0.05859375,0.6625
transfer,policy_reset_prophecy_retained,opaque_dependency_l6,1481,0,0.0,0.10546875,,,,,0.10546875,0.7125
transfer,policy_reset_prophecy_retained,opaque_dependency_l6,1481,1,0.0,0.10546875,,,,,0.10546875,0.7125
transfer,policy_reset_prophecy_retained,opaque_dependency_l6,1481,4,0.0,0.10546875,,,,,0.10546875,0.7125
transfer,policy_reset_prophecy_retained,opaque_dependency_l6,1481,16,0.125,0.10546875,,,,,0.10546875,0.7125
transfer,policy_reset_prophecy_retained,opaque_dependency_l6,1481,64,0.125,0.10546875,,,,,0.10546875,0.7125
transfer,policy_reset_prophecy_retained,opaque_dependency_l6,1543,0,0.0,0.0,,,,,-0.10546875,0.775
transfer,policy_reset_prophecy_retained,opaque_dependency_l6,1543,1,0.0,0.0,,,,,-0.10546875,0.775
transfer,policy_reset_prophecy_retained,opaque_dependency_l6,1543,4,0.0,0.0,,,,,-0.10546875,0.775
transfer,policy_reset_prophecy_retained,opaque_dependency_l6,1543,16,0.0,0.0,,,,,-0.10546875,0.775
transfer,policy_reset_prophecy_retained,opaque_dependency_l6,1543,64,0.0,0.0,,,,,-0.10546875,0.775
transfer,policy_reset_prophecy_retained,opaque_dependency_l6,1601,0,0.0,0.1201171875,,,,,-0.1376953125,0.65
transfer,policy_reset_prophecy_retained,opaque_dependency_l6,1601,1,0.0,0.1201171875,,,,,-0.1376953125,0.65
transfer,policy_reset_prophecy_retained,opaque_dependency_l6,1601,4,0.125,0.1201171875,,,,,-0.1376953125,0.65
transfer,policy_reset_prophecy_retained,opaque_dependency_l6,1601,16,0.125,0.1201171875,,,,,-0.1376953125,0.65
transfer,policy_reset_prophecy_retained,opaque_dependency_l6,1601,64,0.125,0.1201171875,,,,,-0.1376953125,0.65
transfer,policy_reset_prophecy_retained,opaque_dependency_l6,173,0,0.0,0.140625,,,,,0.09375,0.6666666666666666
transfer,policy_reset_prophecy_retained,opaque_dependency_l6,173,1,0.0,0.140625,,,,,0.09375,0.6666666666666666
transfer,policy_reset_prophecy_retained,opaque_dependency_l6,173,4,0.0,0.140625,,,,,0.09375,0.6666666666666666
transfer,policy_reset_prophecy_retained,opaque_dependency_l6,173,16,0.0,0.140625,,,,,0.09375,0.6666666666666666
transfer,policy_reset_prophecy_retained,opaque_dependency_l6,173,64,0.375,0.140625,,,,,0.09375,0.6666666666666666
transfer,policy_reset_prophecy_retained,opaque_dependency_l6,211,0,0.0,0.1669921875,,,,,-0.0322265625,0.6833333333333333
transfer,policy_reset_prophecy_retained,opaque_dependency_l6,211,1,0.0,0.1669921875,,,,,-0.0322265625,0.6833333333333333
transfer,policy_reset_prophecy_retained,opaque_dependency_l6,211,4,0.125,0.1669921875,,,,,-0.0322265625,0.6833333333333333
transfer,policy_reset_prophecy_retained,opaque_dependency_l6,211,16,0.125,0.1669921875,,,,,-0.0322265625,0.6833333333333333
transfer,policy_reset_prophecy_retained,opaque_dependency_l6,211,64,0.25,0.1669921875,,,,,-0.0322265625,0.6833333333333333
transfer,policy_reset_prophecy_retained,opaque_dependency_l6,257,0,0.0,0.09375,,,,,-0.01171875,0.6916666666666667
transfer,policy_reset_prophecy_retained,opaque_dependency_l6,257,1,0.0,0.09375,,,,,-0.01171875,0.6916666666666667
transfer,policy_reset_prophecy_retained,opaque_dependency_l6,257,4,0.0,0.09375,,,,,-0.01171875,0.6916666666666667
transfer,policy_reset_prophecy_retained,opaque_dependency_l6,257,16,0.0,0.09375,,,,,-0.01171875,0.6916666666666667
transfer,policy_reset_prophecy_retained,opaque_dependency_l6,257,64,0.25,0.09375,,,,,-0.01171875,0.6916666666666667
transfer,policy_reset_prophecy_retained,opaque_dependency_l6,307,0,0.0,0.31640625,,,,,0.1494140625,0.6125
transfer,policy_reset_prophecy_retained,opaque_dependency_l6,307,1,0.0,0.31640625,,,,,0.1494140625,0.6125
transfer,policy_reset_prophecy_retained,opaque_dependency_l6,307,4,0.0,0.31640625,,,,,0.1494140625,0.6125
transfer,policy_reset_prophecy_retained,opaque_dependency_l6,307,16,0.375,0.31640625,,,,,0.1494140625,0.6125
transfer,policy_reset_prophecy_retained,opaque_dependency_l6,307,64,0.375,0.31640625,,,,,0.1494140625,0.6125
transfer,policy_reset_prophecy_retained,opaque_dependency_l6,353,0,0.0,0.10546875,,,,,0.0,0.7291666666666666
transfer,policy_reset_prophecy_retained,opaque_dependency_l6,353,1,0.0,0.10546875,,,,,0.0,0.7291666666666666
transfer,policy_reset_prophecy_retained,opaque_dependency_l6,353,4,0.0,0.10546875,,,,,0.0,0.7291666666666666
transfer,policy_reset_prophecy_retained,opaque_dependency_l6,353,16,0.125,0.10546875,,,,,0.0,0.7291666666666666
transfer,policy_reset_prophecy_retained,opaque_dependency_l6,353,64,0.125,0.10546875,,,,,0.0,0.7291666666666666
transfer,policy_reset_prophecy_retained,opaque_dependency_l6,401,0,0.0,0.09375,,,,,0.046875,0.6791666666666666
transfer,policy_reset_prophecy_retained,opaque_dependency_l6,401,1,0.0,0.09375,,,,,0.046875,0.6791666666666666
transfer,policy_reset_prophecy_retained,opaque_dependency_l6,401,4,0.0,0.09375,,,,,0.046875,0.6791666666666666
transfer,policy_reset_prophecy_retained,opaque_dependency_l6,401,16,0.0,0.09375,,,,,0.046875,0.6791666666666666
transfer,policy_reset_prophecy_retained,opaque_dependency_l6,401,64,0.25,0.09375,,,,,0.046875,0.6791666666666666
transfer,policy_reset_prophecy_retained,opaque_dependency_l6,457,0,0.0,0.1669921875,,,,,0.046875,0.6708333333333334
transfer,policy_reset_prophecy_retained,opaque_dependency_l6,457,1,0.0,0.1669921875,,,,,0.046875,0.6708333333333334
transfer,policy_reset_prophecy_retained,opaque_dependency_l6,457,4,0.125,0.1669921875,,,,,0.046875,0.6708333333333334
transfer,policy_reset_prophecy_retained,opaque_dependency_l6,457,16,0.125,0.1669921875,,,,,0.046875,0.6708333333333334
transfer,policy_reset_prophecy_retained,opaque_dependency_l6,457,64,0.25,0.1669921875,,,,,0.046875,0.6708333333333334
transfer,policy_reset_prophecy_retained,opaque_dependency_l6,503,0,0.0,0.140625,,,,,-0.1201171875,0.6541666666666667
transfer,policy_reset_prophecy_retained,opaque_dependency_l6,503,1,0.0,0.140625,,,,,-0.1201171875,0.6541666666666667
transfer,policy_reset_prophecy_retained,opaque_dependency_l6,503,4,0.0,0.140625,,,,,-0.1201171875,0.6541666666666667
transfer,policy_reset_prophecy_retained,opaque_dependency_l6,503,16,0.0,0.140625,,,,,-0.1201171875,0.6541666666666667
transfer,policy_reset_prophecy_retained,opaque_dependency_l6,503,64,0.375,0.140625,,,,,-0.1201171875,0.6541666666666667
transfer,policy_reset_prophecy_retained,opaque_dependency_l6,557,0,0.0,0.1201171875,,,,,0.0732421875,0.65
transfer,policy_reset_prophecy_retained,opaque_dependency_l6,557,1,0.0,0.1201171875,,,,,0.0732421875,0.65
transfer,policy_reset_prophecy_retained,opaque_dependency_l6,557,4,0.125,0.1201171875,,,,,0.0732421875,0.65
transfer,policy_reset_prophecy_retained,opaque_dependency_l6,557,16,0.125,0.1201171875,,,,,0.0732421875,0.65
transfer,policy_reset_prophecy_retained,opaque_dependency_l6,557,64,0.125,0.1201171875,,,,,0.0732421875,0.65
transfer,policy_reset_prophecy_retained,opaque_dependency_l6,601,0,0.0,0.09375,,,,,-0.22265625,0.7125
transfer,policy_reset_prophecy_retained,opaque_dependency_l6,601,1,0.0,0.09375,,,,,-0.22265625,0.7125
transfer,policy_reset_prophecy_retained,opaque_dependency_l6,601,4,0.0,0.09375,,,,,-0.22265625,0.7125
transfer,policy_reset_prophecy_retained,opaque_dependency_l6,601,16,0.0,0.09375,,,,,-0.22265625,0.7125
transfer,policy_reset_prophecy_retained,opaque_dependency_l6,601,64,0.25,0.09375,,,,,-0.22265625,0.7125
transfer,policy_reset_prophecy_retained,opaque_dependency_l6,659,0,0.0,0.10546875,,,,,-0.1201171875,0.6916666666666667
transfer,policy_reset_prophecy_retained,opaque_dependency_l6,659,1,0.0,0.10546875,,,,,-0.1201171875,0.6916666666666667
transfer,policy_reset_prophecy_retained,opaque_dependency_l6,659,4,0.0,0.10546875,,,,,-0.1201171875,0.6916666666666667
transfer,policy_reset_prophecy_retained,opaque_dependency_l6,659,16,0.125,0.10546875,,,,,-0.1201171875,0.6916666666666667
transfer,policy_reset_prophecy_retained,opaque_dependency_l6,659,64,0.125,0.10546875,,,,,-0.1201171875,0.6916666666666667
transfer,policy_reset_prophecy_retained,opaque_dependency_l6,701,0,0.0,0.15234375,,,,,0.046875,0.6583333333333333
transfer,policy_reset_prophecy_retained,opaque_dependency_l6,701,1,0.0,0.15234375,,,,,0.046875,0.6583333333333333
transfer,policy_reset_prophecy_retained,opaque_dependency_l6,701,4,0.0,0.15234375,,,,,0.046875,0.6583333333333333
transfer,policy_reset_prophecy_retained,opaque_dependency_l6,701,16,0.125,0.15234375,,,,,0.046875,0.6583333333333333
transfer,policy_reset_prophecy_retained,opaque_dependency_l6,701,64,0.25,0.15234375,,,,,0.046875,0.6583333333333333
transfer,policy_reset_prophecy_retained,opaque_dependency_l6,761,0,0.0,0.15234375,,,,,-0.0146484375,0.7083333333333334
transfer,policy_reset_prophecy_retained,opaque_dependency_l6,761,1,0.0,0.15234375,,,,,-0.0146484375,0.7083333333333334
transfer,policy_reset_prophecy_retained,opaque_dependency_l6,761,4,0.0,0.15234375,,,,,-0.0146484375,0.7083333333333334
transfer,policy_reset_prophecy_retained,opaque_dependency_l6,761,16,0.125,0.15234375,,,,,-0.0146484375,0.7083333333333334
transfer,policy_reset_prophecy_retained,opaque_dependency_l6,761,64,0.25,0.15234375,,,,,-0.0146484375,0.7083333333333334
transfer,policy_reset_prophecy_retained,opaque_dependency_l6,809,0,0.0,0.1201171875,,,,,0.1201171875,0.6916666666666667
transfer,policy_reset_prophecy_retained,opaque_dependency_l6,809,1,0.0,0.1201171875,,,,,0.1201171875,0.6916666666666667
transfer,policy_reset_prophecy_retained,opaque_dependency_l6,809,4,0.125,0.1201171875,,,,,0.1201171875,0.6916666666666667
transfer,policy_reset_prophecy_retained,opaque_dependency_l6,809,16,0.125,0.1201171875,,,,,0.1201171875,0.6916666666666667
transfer,policy_reset_prophecy_retained,opaque_dependency_l6,809,64,0.125,0.1201171875,,,,,0.1201171875,0.6916666666666667
transfer,policy_reset_prophecy_retained,opaque_dependency_l6,857,0,0.0,0.09375,,,,,0.046875,0.7041666666666666
transfer,policy_reset_prophecy_retained,opaque_dependency_l6,857,1,0.0,0.09375,,,,,0.046875,0.7041666666666666
transfer,policy_reset_prophecy_retained,opaque_dependency_l6,857,4,0.0,0.09375,,,,,0.046875,0.7041666666666666
transfer,policy_reset_prophecy_retained,opaque_dependency_l6,857,16,0.0,0.09375,,,,,0.046875,0.7041666666666666
transfer,policy_reset_prophecy_retained,opaque_dependency_l6,857,64,0.25,0.09375,,,,,0.046875,0.7041666666666666
transfer,policy_reset_prophecy_retained,opaque_dependency_l6,907,0,0.0,0.1669921875,,,,,0.0,0.6708333333333334
transfer,policy_reset_prophecy_retained,opaque_dependency_l6,907,1,0.0,0.1669921875,,,,,0.0,0.6708333333333334
transfer,policy_reset_prophecy_retained,opaque_dependency_l6,907,4,0.125,0.1669921875,,,,,0.0,0.6708333333333334
transfer,policy_reset_prophecy_retained,opaque_dependency_l6,907,16,0.125,0.1669921875,,,,,0.0,0.6708333333333334
transfer,policy_reset_prophecy_retained,opaque_dependency_l6,907,64,0.25,0.1669921875,,,,,0.0,0.6708333333333334
transfer,policy_reset_prophecy_retained,opaque_dependency_l6,953,0,0.0,0.046875,,,,,-0.140625,0.7083333333333334
transfer,policy_reset_prophecy_retained,opaque_dependency_l6,953,1,0.0,0.046875,,,,,-0.140625,0.7083333333333334
transfer,policy_reset_prophecy_retained,opaque_dependency_l6,953,4,0.0,0.046875,,,,,-0.140625,0.7083333333333334
transfer,policy_reset_prophecy_retained,opaque_dependency_l6,953,16,0.0,0.046875,,,,,-0.140625,0.7083333333333334
transfer,policy_reset_prophecy_retained,opaque_dependency_l6,953,64,0.125,0.046875,,,,,-0.140625,0.7083333333333334
