severity,experiment,anomaly_type,identifier,previous_identifier,next_identifier,metrics_json,context_note
high,autonomy,high_prediction_failed_episode,autonomy|prophecy_no_imagination|opaque_dependency_l4|training|131|51001||24|,autonomy|prophecy_no_imagination|opaque_dependency_l4|training|131|51008||23|,autonomy|prophecy_no_imagination|opaque_dependency_l4|training|131|51002||25|,"{""errors"": ""0"", ""holdout_gain"": ""0.0"", ""prediction_score"": ""1.0"", ""real_transitions"": ""4"", ""repeats"": ""0"", ""steps"": ""4"", ""success"": ""0""}",Prediction score >= 0.8 while the episode failed.
high,autonomy,high_prediction_failed_episode,autonomy|prophecy_no_imagination|opaque_dependency_l4|training|131|51005||28|,autonomy|prophecy_no_imagination|opaque_dependency_l4|training|131|51004||27|,autonomy|prophecy_no_imagination|opaque_dependency_l4|training|131|51006||29|,"{""errors"": ""0"", ""holdout_gain"": ""0.0"", ""prediction_score"": ""1.0"", ""real_transitions"": ""4"", ""repeats"": ""0"", ""steps"": ""4"", ""success"": ""0""}",Prediction score >= 0.8 while the episode failed.
high,autonomy,high_prediction_failed_episode,autonomy|prophecy_no_imagination|opaque_dependency_l4|training|131|51006||29|,autonomy|prophecy_no_imagination|opaque_dependency_l4|training|131|51005||28|,autonomy|prophecy_no_imagination|opaque_dependency_l4|training|131|51007||30|,"{""errors"": ""0"", ""holdout_gain"": ""0.0"", ""prediction_score"": ""1.0"", ""real_transitions"": ""4"", ""repeats"": ""0"", ""steps"": ""4"", ""success"": ""0""}",Prediction score >= 0.8 while the episode failed.
high,autonomy,high_prediction_failed_episode,autonomy|prophecy_no_imagination|opaque_dependency_l4|training|131|51001||32|,autonomy|prophecy_no_imagination|opaque_dependency_l4|training|131|51008||31|,autonomy|prophecy_no_imagination|opaque_dependency_l4|training|131|51002||33|,"{""errors"": ""0"", ""holdout_gain"": ""0.0"", ""prediction_score"": ""1.0"", ""real_transitions"": ""4"", ""repeats"": ""0"", ""steps"": ""4"", ""success"": ""0""}",Prediction score >= 0.8 while the episode failed.
high,autonomy,high_prediction_failed_episode,autonomy|prophecy_no_imagination|opaque_dependency_l4|training|131|51002||33|,autonomy|prophecy_no_imagination|opaque_dependency_l4|training|131|51001||32|,autonomy|prophecy_no_imagination|opaque_dependency_l4|training|131|51003||34|,"{""errors"": ""0"", ""holdout_gain"": ""0.0"", ""prediction_score"": ""1.0"", ""real_transitions"": ""4"", ""repeats"": ""0"", ""steps"": ""4"", ""success"": ""0""}",Prediction score >= 0.8 while the episode failed.
high,autonomy,high_prediction_failed_episode,autonomy|prophecy_no_imagination|opaque_dependency_l4|training|131|51003||34|,autonomy|prophecy_no_imagination|opaque_dependency_l4|training|131|51002||33|,autonomy|prophecy_no_imagination|opaque_dependency_l4|training|131|51004||35|,"{""errors"": ""0"", ""holdout_gain"": ""0.0"", ""prediction_score"": ""1.0"", ""real_transitions"": ""4"", ""repeats"": ""0"", ""steps"": ""4"", ""success"": ""0""}",Prediction score >= 0.8 while the episode failed.
high,autonomy,high_prediction_failed_episode,autonomy|prophecy_no_imagination|opaque_dependency_l4|training|131|51005||36|,autonomy|prophecy_no_imagination|opaque_dependency_l4|training|131|51004||35|,autonomy|prophecy_no_imagination|opaque_dependency_l4|training|131|51006||37|,"{""errors"": ""0"", ""holdout_gain"": ""0.0"", ""prediction_score"": ""1.0"", ""real_transitions"": ""4"", ""repeats"": ""0"", ""steps"": ""4"", ""success"": ""0""}",Prediction score >= 0.8 while the episode failed.
high,autonomy,high_prediction_failed_episode,autonomy|prophecy_no_imagination|opaque_dependency_l4|training|131|51007||38|,autonomy|prophecy_no_imagination|opaque_dependency_l4|training|131|51006||37|,autonomy|prophecy_no_imagination|opaque_dependency_l4|training|131|51008||39|,"{""errors"": ""0"", ""holdout_gain"": ""0.0"", ""prediction_score"": ""1.0"", ""real_transitions"": ""4"", ""repeats"": ""0"", ""steps"": ""4"", ""success"": ""0""}",Prediction score >= 0.8 while the episode failed.
high,autonomy,high_prediction_failed_episode,autonomy|prophecy_no_imagination|opaque_dependency_l4|training|131|51008||39|,autonomy|prophecy_no_imagination|opaque_dependency_l4|training|131|51007||38|,autonomy|prophecy_no_imagination|opaque_dependency_l4|training|131|51001||40|,"{""errors"": ""0"", ""holdout_gain"": ""0.0"", ""prediction_score"": ""1.0"", ""real_transitions"": ""4"", ""repeats"": ""0"", ""steps"": ""4"", ""success"": ""0""}",Prediction score >= 0.8 while the episode failed.
high,autonomy,high_prediction_failed_episode,autonomy|prophecy_no_imagination|opaque_dependency_l4|training|131|51001||40|,autonomy|prophecy_no_imagination|opaque_dependency_l4|training|131|51008||39|,autonomy|prophecy_no_imagination|opaque_dependency_l4|training|131|51002||41|,"{""errors"": ""0"", ""holdout_gain"": ""0.0"", ""prediction_score"": ""1.0"", ""real_transitions"": ""4"", ""repeats"": ""0"", ""steps"": ""4"", ""success"": ""0""}",Prediction score >= 0.8 while the episode failed.
high,autonomy,group_extreme_success_rate,autonomy|oracle_upper_bound|opaque_dependency_l4|training|131|51001||0|,,autonomy|oracle_upper_bound|opaque_dependency_l4|training|131|51002||1|,"{""errors"": ""0"", ""holdout_gain"": ""0.0"", ""prediction_score"": ""0.0"", ""real_transitions"": ""4"", ""repeats"": ""0"", ""steps"": ""4"", ""success"": ""1""}",All 60000 rows in this group have success=1.
high,autonomy,group_extreme_success_rate,autonomy|oracle_upper_bound|opaque_dependency_l4|evaluation_seen|131|61001||0|,autonomy|oracle_upper_bound|opaque_dependency_l4|training|131|51008||1999|,autonomy|oracle_upper_bound|opaque_dependency_l4|evaluation_seen|131|61002||1|,"{""errors"": ""0"", ""holdout_gain"": """", ""prediction_score"": """", ""real_transitions"": ""4"", ""repeats"": ""0"", ""steps"": ""4"", ""success"": ""1""}",All 6000 rows in this group have success=1.
high,autonomy,group_extreme_success_rate,autonomy|oracle_upper_bound|opaque_dependency_l4|evaluation_unseen_zero_shot|131|71001||0|,autonomy|oracle_upper_bound|opaque_dependency_l4|evaluation_seen|131|61004||199|,autonomy|oracle_upper_bound|opaque_dependency_l4|evaluation_unseen_zero_shot|131|71002||1|,"{""errors"": ""0"", ""holdout_gain"": """", ""prediction_score"": """", ""real_transitions"": ""4"", ""repeats"": ""0"", ""steps"": ""4"", ""success"": ""1""}",All 6000 rows in this group have success=1.
high,autonomy,group_extreme_success_rate,autonomy|q_learning|opaque_dependency_l4|evaluation_seen|131|61001||0|,autonomy|q_learning|opaque_dependency_l4|training|131|51008||1999|,autonomy|q_learning|opaque_dependency_l4|evaluation_seen|131|61002||1|,"{""errors"": ""0"", ""holdout_gain"": """", ""prediction_score"": """", ""real_transitions"": ""4"", ""repeats"": ""0"", ""steps"": ""4"", ""success"": ""0""}",All 6000 rows in this group have success=0.
high,autonomy,group_extreme_success_rate,autonomy|q_learning|opaque_dependency_l4|evaluation_unseen_zero_shot|131|71001||0|,autonomy|q_learning|opaque_dependency_l4|evaluation_seen|131|61004||199|,autonomy|q_learning|opaque_dependency_l4|evaluation_unseen_zero_shot|131|71002||1|,"{""errors"": ""0"", ""holdout_gain"": """", ""prediction_score"": """", ""real_transitions"": ""4"", ""repeats"": ""0"", ""steps"": ""4"", ""success"": ""0""}",All 6000 rows in this group have success=0.
high,autonomy,group_extreme_success_rate,autonomy|oracle_upper_bound|opaque_dependency_l6|training|131|51001||0|,autonomy|q_learning|opaque_dependency_l4|evaluation_unseen_zero_shot|131|71008||199|,autonomy|oracle_upper_bound|opaque_dependency_l6|training|131|51002||1|,"{""errors"": ""0"", ""holdout_gain"": ""0.0"", ""prediction_score"": ""0.0"", ""real_transitions"": ""6"", ""repeats"": ""0"", ""steps"": ""6"", ""success"": ""1""}",All 60000 rows in this group have success=1.
high,autonomy,group_extreme_success_rate,autonomy|oracle_upper_bound|opaque_dependency_l6|evaluation_seen|131|61001||0|,autonomy|oracle_upper_bound|opaque_dependency_l6|training|131|51008||1999|,autonomy|oracle_upper_bound|opaque_dependency_l6|evaluation_seen|131|61002||1|,"{""errors"": ""0"", ""holdout_gain"": """", ""prediction_score"": """", ""real_transitions"": ""6"", ""repeats"": ""0"", ""steps"": ""6"", ""success"": ""1""}",All 6000 rows in this group have success=1.
high,autonomy,group_extreme_success_rate,autonomy|oracle_upper_bound|opaque_dependency_l6|evaluation_unseen_zero_shot|131|71001||0|,autonomy|oracle_upper_bound|opaque_dependency_l6|evaluation_seen|131|61004||199|,autonomy|oracle_upper_bound|opaque_dependency_l6|evaluation_unseen_zero_shot|131|71002||1|,"{""errors"": ""0"", ""holdout_gain"": """", ""prediction_score"": """", ""real_transitions"": ""6"", ""repeats"": ""0"", ""steps"": ""6"", ""success"": ""1""}",All 6000 rows in this group have success=1.
high,autonomy,group_extreme_success_rate,autonomy|oracle_upper_bound|opaque_dependency_l8|training|131|51001||0|,autonomy|oracle_upper_bound|opaque_dependency_l6|evaluation_unseen_zero_shot|131|71008||199|,autonomy|oracle_upper_bound|opaque_dependency_l8|training|131|51002||1|,"{""errors"": ""0"", ""holdout_gain"": ""0.0"", ""prediction_score"": ""0.0"", ""real_transitions"": ""8"", ""repeats"": ""0"", ""steps"": ""8"", ""success"": ""1""}",All 60000 rows in this group have success=1.
high,autonomy,group_extreme_success_rate,autonomy|oracle_upper_bound|opaque_dependency_l8|evaluation_seen|131|61001||0|,autonomy|oracle_upper_bound|opaque_dependency_l8|training|131|51008||1999|,autonomy|oracle_upper_bound|opaque_dependency_l8|evaluation_seen|131|61002||1|,"{""errors"": ""0"", ""holdout_gain"": """", ""prediction_score"": """", ""real_transitions"": ""8"", ""repeats"": ""0"", ""steps"": ""8"", ""success"": ""1""}",All 6000 rows in this group have success=1.
high,autonomy,group_extreme_success_rate,autonomy|oracle_upper_bound|opaque_dependency_l8|evaluation_unseen_zero_shot|131|71001||0|,autonomy|oracle_upper_bound|opaque_dependency_l8|evaluation_seen|131|61004||199|,autonomy|oracle_upper_bound|opaque_dependency_l8|evaluation_unseen_zero_shot|131|71002||1|,"{""errors"": ""0"", ""holdout_gain"": """", ""prediction_score"": """", ""real_transitions"": ""8"", ""repeats"": ""0"", ""steps"": ""8"", ""success"": ""1""}",All 6000 rows in this group have success=1.
high,autonomy,group_extreme_success_rate,autonomy|q_learning|opaque_dependency_l6|evaluation_seen|131|61001||0|,autonomy|q_learning|opaque_dependency_l6|training|131|51008||1999|,autonomy|q_learning|opaque_dependency_l6|evaluation_seen|131|61002||1|,"{""errors"": ""0"", ""holdout_gain"": """", ""prediction_score"": """", ""real_transitions"": ""6"", ""repeats"": ""0"", ""steps"": ""6"", ""success"": ""0""}",All 6000 rows in this group have success=0.
high,autonomy,group_extreme_success_rate,autonomy|q_learning|opaque_dependency_l6|evaluation_unseen_zero_shot|131|71001||0|,autonomy|q_learning|opaque_dependency_l6|evaluation_seen|131|61004||199|,autonomy|q_learning|opaque_dependency_l6|evaluation_unseen_zero_shot|131|71002||1|,"{""errors"": ""0"", ""holdout_gain"": """", ""prediction_score"": """", ""real_transitions"": ""6"", ""repeats"": ""0"", ""steps"": ""6"", ""success"": ""0""}",All 6000 rows in this group have success=0.
high,autonomy,group_extreme_success_rate,autonomy|q_learning|opaque_dependency_l8|evaluation_seen|131|61001||0|,autonomy|q_learning|opaque_dependency_l8|training|131|51008||1999|,autonomy|q_learning|opaque_dependency_l8|evaluation_seen|131|61002||1|,"{""errors"": ""0"", ""holdout_gain"": """", ""prediction_score"": """", ""real_transitions"": ""8"", ""repeats"": ""0"", ""steps"": ""8"", ""success"": ""0""}",All 6000 rows in this group have success=0.
high,autonomy,group_extreme_success_rate,autonomy|q_learning|opaque_dependency_l8|evaluation_unseen_zero_shot|131|71001||0|,autonomy|q_learning|opaque_dependency_l8|evaluation_seen|131|61004||199|,autonomy|q_learning|opaque_dependency_l8|evaluation_unseen_zero_shot|131|71002||1|,"{""errors"": ""0"", ""holdout_gain"": """", ""prediction_score"": """", ""real_transitions"": ""8"", ""repeats"": ""0"", ""steps"": ""8"", ""success"": ""0""}",All 6000 rows in this group have success=0.
high,autonomy,group_extreme_success_rate,autonomy|contextual_policy|opaque_dependency_l4|evaluation_seen|131|61001||0|,autonomy|contextual_policy|opaque_dependency_l4|training|131|51008||1999|,autonomy|contextual_policy|opaque_dependency_l4|evaluation_seen|131|61002||1|,"{""errors"": ""0"", ""holdout_gain"": """", ""prediction_score"": ""0.0"", ""real_transitions"": ""4"", ""repeats"": ""0"", ""steps"": ""4"", ""success"": ""0""}",All 6000 rows in this group have success=0.
high,autonomy,group_extreme_success_rate,autonomy|contextual_policy|opaque_dependency_l4|evaluation_unseen_zero_shot|131|71001||0|,autonomy|contextual_policy|opaque_dependency_l4|evaluation_seen|131|61004||199|,autonomy|contextual_policy|opaque_dependency_l4|evaluation_unseen_zero_shot|131|71002||1|,"{""errors"": ""0"", ""holdout_gain"": """", ""prediction_score"": ""0.0"", ""real_transitions"": ""4"", ""repeats"": ""0"", ""steps"": ""4"", ""success"": ""0""}",All 6000 rows in this group have success=0.
high,autonomy,group_extreme_success_rate,autonomy|contextual_policy|opaque_dependency_l6|evaluation_seen|131|61001||0|,autonomy|contextual_policy|opaque_dependency_l6|training|131|51008||1999|,autonomy|contextual_policy|opaque_dependency_l6|evaluation_seen|131|61002||1|,"{""errors"": ""0"", ""holdout_gain"": """", ""prediction_score"": ""0.0"", ""real_transitions"": ""6"", ""repeats"": ""0"", ""steps"": ""6"", ""success"": ""0""}",All 6000 rows in this group have success=0.
high,autonomy,group_extreme_success_rate,autonomy|contextual_policy|opaque_dependency_l6|evaluation_unseen_zero_shot|131|71001||0|,autonomy|contextual_policy|opaque_dependency_l6|evaluation_seen|131|61004||199|,autonomy|contextual_policy|opaque_dependency_l6|evaluation_unseen_zero_shot|131|71002||1|,"{""errors"": ""0"", ""holdout_gain"": """", ""prediction_score"": ""0.0"", ""real_transitions"": ""6"", ""repeats"": ""0"", ""steps"": ""6"", ""success"": ""0""}",All 6000 rows in this group have success=0.
high,autonomy,group_extreme_success_rate,autonomy|prophecy_no_imagination|opaque_dependency_l4|evaluation_seen|131|61001||0|,autonomy|prophecy_no_imagination|opaque_dependency_l4|training|131|51008||1999|,autonomy|prophecy_no_imagination|opaque_dependency_l4|evaluation_seen|131|61002||1|,"{""errors"": ""0"", ""holdout_gain"": """", ""prediction_score"": ""0.0"", ""real_transitions"": ""4"", ""repeats"": ""0"", ""steps"": ""4"", ""success"": ""0""}",All 6000 rows in this group have success=0.
high,autonomy,group_extreme_success_rate,autonomy|prophecy_no_imagination|opaque_dependency_l4|evaluation_unseen_zero_shot|131|71001||0|,autonomy|prophecy_no_imagination|opaque_dependency_l4|evaluation_seen|131|61004||199|,autonomy|prophecy_no_imagination|opaque_dependency_l4|evaluation_unseen_zero_shot|131|71002||1|,"{""errors"": ""0"", ""holdout_gain"": """", ""prediction_score"": ""0.0"", ""real_transitions"": ""4"", ""repeats"": ""0"", ""steps"": ""4"", ""success"": ""0""}",All 6000 rows in this group have success=0.
high,autonomy,group_extreme_success_rate,autonomy|contextual_policy|opaque_dependency_l8|evaluation_seen|131|61001||0|,autonomy|contextual_policy|opaque_dependency_l8|training|131|51008||1999|,autonomy|contextual_policy|opaque_dependency_l8|evaluation_seen|131|61002||1|,"{""errors"": ""0"", ""holdout_gain"": """", ""prediction_score"": ""0.0"", ""real_transitions"": ""8"", ""repeats"": ""0"", ""steps"": ""8"", ""success"": ""0""}",All 6000 rows in this group have success=0.
high,autonomy,group_extreme_success_rate,autonomy|contextual_policy|opaque_dependency_l8|evaluation_unseen_zero_shot|131|71001||0|,autonomy|contextual_policy|opaque_dependency_l8|evaluation_seen|131|61004||199|,autonomy|contextual_policy|opaque_dependency_l8|evaluation_unseen_zero_shot|131|71002||1|,"{""errors"": ""0"", ""holdout_gain"": """", ""prediction_score"": ""0.0"", ""real_transitions"": ""8"", ""repeats"": ""0"", ""steps"": ""8"", ""success"": ""0""}",All 6000 rows in this group have success=0.
high,autonomy,group_extreme_success_rate,autonomy|prophecy_no_imagination|opaque_dependency_l6|evaluation_seen|131|61001||0|,autonomy|prophecy_no_imagination|opaque_dependency_l6|training|131|51008||1999|,autonomy|prophecy_no_imagination|opaque_dependency_l6|evaluation_seen|131|61002||1|,"{""errors"": ""0"", ""holdout_gain"": """", ""prediction_score"": ""0.0"", ""real_transitions"": ""6"", ""repeats"": ""0"", ""steps"": ""6"", ""success"": ""0""}",All 6000 rows in this group have success=0.
high,autonomy,group_extreme_success_rate,autonomy|prophecy_no_imagination|opaque_dependency_l6|evaluation_unseen_zero_shot|131|71001||0|,autonomy|prophecy_no_imagination|opaque_dependency_l6|evaluation_seen|131|61004||199|,autonomy|prophecy_no_imagination|opaque_dependency_l6|evaluation_unseen_zero_shot|131|71002||1|,"{""errors"": ""0"", ""holdout_gain"": """", ""prediction_score"": ""0.0"", ""real_transitions"": ""6"", ""repeats"": ""0"", ""steps"": ""6"", ""success"": ""0""}",All 6000 rows in this group have success=0.
high,autonomy,group_extreme_success_rate,autonomy|full_aassr|opaque_dependency_l4|evaluation_seen|131|61001||0|,autonomy|full_aassr|opaque_dependency_l4|training|131|51008||1999|,autonomy|full_aassr|opaque_dependency_l4|evaluation_seen|131|61002||1|,"{""errors"": ""0"", ""holdout_gain"": """", ""prediction_score"": ""0.0"", ""real_transitions"": ""4"", ""repeats"": ""0"", ""steps"": ""4"", ""success"": ""0""}",All 6000 rows in this group have success=0.
high,autonomy,group_extreme_success_rate,autonomy|full_aassr|opaque_dependency_l4|evaluation_unseen_zero_shot|131|71001||0|,autonomy|full_aassr|opaque_dependency_l4|evaluation_seen|131|61004||199|,autonomy|full_aassr|opaque_dependency_l4|evaluation_unseen_zero_shot|131|71002||1|,"{""errors"": ""0"", ""holdout_gain"": """", ""prediction_score"": ""0.0"", ""real_transitions"": ""4"", ""repeats"": ""0"", ""steps"": ""4"", ""success"": ""0""}",All 6000 rows in this group have success=0.
high,autonomy,group_extreme_success_rate,autonomy|prophecy_no_imagination|opaque_dependency_l8|evaluation_seen|131|61001||0|,autonomy|prophecy_no_imagination|opaque_dependency_l8|training|131|51008||1999|,autonomy|prophecy_no_imagination|opaque_dependency_l8|evaluation_seen|131|61002||1|,"{""errors"": ""0"", ""holdout_gain"": """", ""prediction_score"": ""0.0"", ""real_transitions"": ""8"", ""repeats"": ""0"", ""steps"": ""8"", ""success"": ""0""}",All 6000 rows in this group have success=0.
high,autonomy,group_extreme_success_rate,autonomy|prophecy_no_imagination|opaque_dependency_l8|evaluation_unseen_zero_shot|131|71001||0|,autonomy|prophecy_no_imagination|opaque_dependency_l8|evaluation_seen|131|61004||199|,autonomy|prophecy_no_imagination|opaque_dependency_l8|evaluation_unseen_zero_shot|131|71002||1|,"{""errors"": ""0"", ""holdout_gain"": """", ""prediction_score"": ""0.0"", ""real_transitions"": ""8"", ""repeats"": ""0"", ""steps"": ""8"", ""success"": ""0""}",All 6000 rows in this group have success=0.
high,autonomy,group_extreme_success_rate,autonomy|full_aassr|opaque_dependency_l6|evaluation_seen|131|61001||0|,autonomy|full_aassr|opaque_dependency_l6|training|131|51008||1999|,autonomy|full_aassr|opaque_dependency_l6|evaluation_seen|131|61002||1|,"{""errors"": ""0"", ""holdout_gain"": """", ""prediction_score"": ""0.0"", ""real_transitions"": ""6"", ""repeats"": ""0"", ""steps"": ""6"", ""success"": ""0""}",All 6000 rows in this group have success=0.
high,autonomy,group_extreme_success_rate,autonomy|full_aassr|opaque_dependency_l6|evaluation_unseen_zero_shot|131|71001||0|,autonomy|full_aassr|opaque_dependency_l6|evaluation_seen|131|61004||199|,autonomy|full_aassr|opaque_dependency_l6|evaluation_unseen_zero_shot|131|71002||1|,"{""errors"": ""0"", ""holdout_gain"": """", ""prediction_score"": ""0.0"", ""real_transitions"": ""6"", ""repeats"": ""0"", ""steps"": ""6"", ""success"": ""0""}",All 6000 rows in this group have success=0.
high,autonomy,group_extreme_success_rate,autonomy|dqn|opaque_dependency_l6|evaluation_seen|131|61001||0|,autonomy|dqn|opaque_dependency_l6|training|131|51008||1999|,autonomy|dqn|opaque_dependency_l6|evaluation_seen|131|61002||1|,"{""errors"": ""0"", ""holdout_gain"": """", ""prediction_score"": """", ""real_transitions"": ""6"", ""repeats"": ""0"", ""steps"": ""6"", ""success"": ""0""}",All 6000 rows in this group have success=0.
high,autonomy,group_extreme_success_rate,autonomy|dqn|opaque_dependency_l6|evaluation_unseen_zero_shot|131|71001||0|,autonomy|dqn|opaque_dependency_l6|evaluation_seen|131|61004||199|,autonomy|dqn|opaque_dependency_l6|evaluation_unseen_zero_shot|131|71002||1|,"{""errors"": ""0"", ""holdout_gain"": """", ""prediction_score"": """", ""real_transitions"": ""6"", ""repeats"": ""0"", ""steps"": ""6"", ""success"": ""0""}",All 6000 rows in this group have success=0.
high,autonomy,group_extreme_success_rate,autonomy|full_aassr|opaque_dependency_l8|evaluation_seen|131|61001||0|,autonomy|full_aassr|opaque_dependency_l8|training|131|51008||1999|,autonomy|full_aassr|opaque_dependency_l8|evaluation_seen|131|61002||1|,"{""errors"": ""0"", ""holdout_gain"": """", ""prediction_score"": ""0.0"", ""real_transitions"": ""8"", ""repeats"": ""0"", ""steps"": ""8"", ""success"": ""0""}",All 6000 rows in this group have success=0.
high,autonomy,group_extreme_success_rate,autonomy|full_aassr|opaque_dependency_l8|evaluation_unseen_zero_shot|131|71001||0|,autonomy|full_aassr|opaque_dependency_l8|evaluation_seen|131|61004||199|,autonomy|full_aassr|opaque_dependency_l8|evaluation_unseen_zero_shot|131|71002||1|,"{""errors"": ""0"", ""holdout_gain"": """", ""prediction_score"": ""0.0"", ""real_transitions"": ""8"", ""repeats"": ""0"", ""steps"": ""8"", ""success"": ""0""}",All 6000 rows in this group have success=0.
high,autonomy,group_extreme_success_rate,autonomy|dqn|opaque_dependency_l8|evaluation_seen|131|61001||0|,autonomy|dqn|opaque_dependency_l8|training|131|51008||1999|,autonomy|dqn|opaque_dependency_l8|evaluation_seen|131|61002||1|,"{""errors"": ""0"", ""holdout_gain"": """", ""prediction_score"": """", ""real_transitions"": ""8"", ""repeats"": ""0"", ""steps"": ""8"", ""success"": ""0""}",All 6000 rows in this group have success=0.
high,autonomy,group_extreme_success_rate,autonomy|dqn|opaque_dependency_l8|evaluation_unseen_zero_shot|131|71001||0|,autonomy|dqn|opaque_dependency_l8|evaluation_seen|131|61004||199|,autonomy|dqn|opaque_dependency_l8|evaluation_unseen_zero_shot|131|71002||1|,"{""errors"": ""0"", ""holdout_gain"": """", ""prediction_score"": """", ""real_transitions"": ""8"", ""repeats"": ""0"", ""steps"": ""8"", ""success"": ""0""}",All 6000 rows in this group have success=0.
high,ablation,high_prediction_failed_episode,ablation|prophecy_no_imagination|opaque_dependency_l6|training|131|52001||16|,ablation|prophecy_no_imagination|opaque_dependency_l6|training|131|52008||15|,ablation|prophecy_no_imagination|opaque_dependency_l6|training|131|52002||17|,"{""errors"": ""0"", ""holdout_gain"": ""0.0"", ""prediction_score"": ""1.0"", ""real_transitions"": ""6"", ""repeats"": ""0"", ""steps"": ""6"", ""success"": ""0""}",Prediction score >= 0.8 while the episode failed.
high,ablation,high_prediction_failed_episode,ablation|prophecy_no_imagination|opaque_dependency_l6|training|131|52003||18|,ablation|prophecy_no_imagination|opaque_dependency_l6|training|131|52002||17|,ablation|prophecy_no_imagination|opaque_dependency_l6|training|131|52004||19|,"{""errors"": ""0"", ""holdout_gain"": ""0.0"", ""prediction_score"": ""0.8333333333333334"", ""real_transitions"": ""6"", ""repeats"": ""0"", ""steps"": ""6"", ""success"": ""0""}",Prediction score >= 0.8 while the episode failed.
high,ablation,high_prediction_failed_episode,ablation|prophecy_no_imagination|opaque_dependency_l6|training|131|52006||21|,ablation|prophecy_no_imagination|opaque_dependency_l6|training|131|52005||20|,ablation|prophecy_no_imagination|opaque_dependency_l6|training|131|52007||22|,"{""errors"": ""0"", ""holdout_gain"": ""0.0"", ""prediction_score"": ""0.8333333333333334"", ""real_transitions"": ""6"", ""repeats"": ""0"", ""steps"": ""6"", ""success"": ""0""}",Prediction score >= 0.8 while the episode failed.
high,ablation,high_prediction_failed_episode,ablation|prophecy_no_imagination|opaque_dependency_l6|training|131|52001||24|,ablation|prophecy_no_imagination|opaque_dependency_l6|training|131|52008||23|,ablation|prophecy_no_imagination|opaque_dependency_l6|training|131|52002||25|,"{""errors"": ""0"", ""holdout_gain"": ""0.0"", ""prediction_score"": ""0.8333333333333334"", ""real_transitions"": ""6"", ""repeats"": ""0"", ""steps"": ""6"", ""success"": ""0""}",Prediction score >= 0.8 while the episode failed.
high,ablation,high_prediction_failed_episode,ablation|prophecy_no_imagination|opaque_dependency_l6|training|131|52002||25|,ablation|prophecy_no_imagination|opaque_dependency_l6|training|131|52001||24|,ablation|prophecy_no_imagination|opaque_dependency_l6|training|131|52003||26|,"{""errors"": ""0"", ""holdout_gain"": ""0.0"", ""prediction_score"": ""0.8333333333333334"", ""real_transitions"": ""6"", ""repeats"": ""0"", ""steps"": ""6"", ""success"": ""0""}",Prediction score >= 0.8 while the episode failed.
high,ablation,high_prediction_failed_episode,ablation|prophecy_no_imagination|opaque_dependency_l6|training|131|52003||26|,ablation|prophecy_no_imagination|opaque_dependency_l6|training|131|52002||25|,ablation|prophecy_no_imagination|opaque_dependency_l6|training|131|52004||27|,"{""errors"": ""0"", ""holdout_gain"": ""0.0"", ""prediction_score"": ""1.0"", ""real_transitions"": ""6"", ""repeats"": ""0"", ""steps"": ""6"", ""success"": ""0""}",Prediction score >= 0.8 while the episode failed.
high,ablation,high_prediction_failed_episode,ablation|prophecy_no_imagination|opaque_dependency_l6|training|131|52004||27|,ablation|prophecy_no_imagination|opaque_dependency_l6|training|131|52003||26|,ablation|prophecy_no_imagination|opaque_dependency_l6|training|131|52005||28|,"{""errors"": ""0"", ""holdout_gain"": ""0.0"", ""prediction_score"": ""0.8333333333333334"", ""real_transitions"": ""6"", ""repeats"": ""0"", ""steps"": ""6"", ""success"": ""0""}",Prediction score >= 0.8 while the episode failed.
high,ablation,high_prediction_failed_episode,ablation|prophecy_no_imagination|opaque_dependency_l6|training|131|52005||28|,ablation|prophecy_no_imagination|opaque_dependency_l6|training|131|52004||27|,ablation|prophecy_no_imagination|opaque_dependency_l6|training|131|52006||29|,"{""errors"": ""0"", ""holdout_gain"": ""0.0"", ""prediction_score"": ""0.8333333333333334"", ""real_transitions"": ""6"", ""repeats"": ""0"", ""steps"": ""6"", ""success"": ""0""}",Prediction score >= 0.8 while the episode failed.
high,ablation,high_prediction_failed_episode,ablation|prophecy_no_imagination|opaque_dependency_l6|training|131|52006||29|,ablation|prophecy_no_imagination|opaque_dependency_l6|training|131|52005||28|,ablation|prophecy_no_imagination|opaque_dependency_l6|training|131|52007||30|,"{""errors"": ""0"", ""holdout_gain"": ""0.0"", ""prediction_score"": ""1.0"", ""real_transitions"": ""6"", ""repeats"": ""0"", ""steps"": ""6"", ""success"": ""0""}",Prediction score >= 0.8 while the episode failed.
high,ablation,high_prediction_failed_episode,ablation|prophecy_no_imagination|opaque_dependency_l6|training|131|52007||30|,ablation|prophecy_no_imagination|opaque_dependency_l6|training|131|52006||29|,ablation|prophecy_no_imagination|opaque_dependency_l6|training|131|52008||31|,"{""errors"": ""0"", ""holdout_gain"": ""0.0"", ""prediction_score"": ""0.8333333333333334"", ""real_transitions"": ""6"", ""repeats"": ""0"", ""steps"": ""6"", ""success"": ""0""}",Prediction score >= 0.8 while the episode failed.
high,ablation,group_extreme_success_rate,ablation|contextual_policy|opaque_dependency_l6|evaluation_seen|131|62001||0|,ablation|contextual_policy|opaque_dependency_l6|training|131|52008||1999|,ablation|contextual_policy|opaque_dependency_l6|evaluation_seen|131|62002||1|,"{""errors"": ""0"", ""holdout_gain"": """", ""prediction_score"": ""0.0"", ""real_transitions"": ""6"", ""repeats"": ""0"", ""steps"": ""6"", ""success"": ""0""}",All 6000 rows in this group have success=0.
high,ablation,group_extreme_success_rate,ablation|contextual_policy|opaque_dependency_l6|evaluation_unseen_zero_shot|131|72001||0|,ablation|contextual_policy|opaque_dependency_l6|evaluation_seen|131|62004||199|,ablation|contextual_policy|opaque_dependency_l6|evaluation_unseen_zero_shot|131|72002||1|,"{""errors"": ""0"", ""holdout_gain"": """", ""prediction_score"": ""0.0"", ""real_transitions"": ""6"", ""repeats"": ""0"", ""steps"": ""6"", ""success"": ""0""}",All 6000 rows in this group have success=0.
high,ablation,group_extreme_success_rate,ablation|prophecy_no_imagination|opaque_dependency_l6|evaluation_seen|131|62001||0|,ablation|prophecy_no_imagination|opaque_dependency_l6|training|131|52008||1999|,ablation|prophecy_no_imagination|opaque_dependency_l6|evaluation_seen|131|62002||1|,"{""errors"": ""0"", ""holdout_gain"": """", ""prediction_score"": ""0.0"", ""real_transitions"": ""6"", ""repeats"": ""0"", ""steps"": ""6"", ""success"": ""0""}",All 6000 rows in this group have success=0.
high,ablation,group_extreme_success_rate,ablation|prophecy_no_imagination|opaque_dependency_l6|evaluation_unseen_zero_shot|131|72001||0|,ablation|prophecy_no_imagination|opaque_dependency_l6|evaluation_seen|131|62004||199|,ablation|prophecy_no_imagination|opaque_dependency_l6|evaluation_unseen_zero_shot|131|72002||1|,"{""errors"": ""0"", ""holdout_gain"": """", ""prediction_score"": ""0.0"", ""real_transitions"": ""6"", ""repeats"": ""0"", ""steps"": ""6"", ""success"": ""0""}",All 6000 rows in this group have success=0.
high,ablation,group_extreme_success_rate,ablation|full_depth1_branch1_risk-adjusted|opaque_dependency_l6|evaluation_seen|131|62001||0|,ablation|full_depth1_branch1_risk-adjusted|opaque_dependency_l6|training|131|52008||1999|,ablation|full_depth1_branch1_risk-adjusted|opaque_dependency_l6|evaluation_seen|131|62002||1|,"{""errors"": ""0"", ""holdout_gain"": """", ""prediction_score"": ""0.0"", ""real_transitions"": ""6"", ""repeats"": ""0"", ""steps"": ""6"", ""success"": ""0""}",All 6000 rows in this group have success=0.
high,ablation,group_extreme_success_rate,ablation|full_depth1_branch1_risk-adjusted|opaque_dependency_l6|evaluation_unseen_zero_shot|131|72001||0|,ablation|full_depth1_branch1_risk-adjusted|opaque_dependency_l6|evaluation_seen|131|62004||199|,ablation|full_depth1_branch1_risk-adjusted|opaque_dependency_l6|evaluation_unseen_zero_shot|131|72002||1|,"{""errors"": ""0"", ""holdout_gain"": """", ""prediction_score"": ""0.0"", ""real_transitions"": ""6"", ""repeats"": ""0"", ""steps"": ""6"", ""success"": ""0""}",All 6000 rows in this group have success=0.
high,ablation,group_extreme_success_rate,ablation|full_depth1_branch1_max|opaque_dependency_l6|evaluation_seen|131|62001||0|,ablation|full_depth1_branch1_max|opaque_dependency_l6|training|131|52008||1999|,ablation|full_depth1_branch1_max|opaque_dependency_l6|evaluation_seen|131|62002||1|,"{""errors"": ""0"", ""holdout_gain"": """", ""prediction_score"": ""0.0"", ""real_transitions"": ""6"", ""repeats"": ""0"", ""steps"": ""6"", ""success"": ""0""}",All 6000 rows in this group have success=0.
high,ablation,group_extreme_success_rate,ablation|full_depth1_branch1_max|opaque_dependency_l6|evaluation_unseen_zero_shot|131|72001||0|,ablation|full_depth1_branch1_max|opaque_dependency_l6|evaluation_seen|131|62004||199|,ablation|full_depth1_branch1_max|opaque_dependency_l6|evaluation_unseen_zero_shot|131|72002||1|,"{""errors"": ""0"", ""holdout_gain"": """", ""prediction_score"": ""0.0"", ""real_transitions"": ""6"", ""repeats"": ""0"", ""steps"": ""6"", ""success"": ""0""}",All 6000 rows in this group have success=0.
high,ablation,group_extreme_success_rate,ablation|full_depth2_branch1_risk-adjusted|opaque_dependency_l6|evaluation_seen|131|62001||0|,ablation|full_depth2_branch1_risk-adjusted|opaque_dependency_l6|training|131|52008||1999|,ablation|full_depth2_branch1_risk-adjusted|opaque_dependency_l6|evaluation_seen|131|62002||1|,"{""errors"": ""0"", ""holdout_gain"": """", ""prediction_score"": ""0.0"", ""real_transitions"": ""6"", ""repeats"": ""0"", ""steps"": ""6"", ""success"": ""0""}",All 6000 rows in this group have success=0.
high,ablation,group_extreme_success_rate,ablation|full_depth2_branch1_risk-adjusted|opaque_dependency_l6|evaluation_unseen_zero_shot|131|72001||0|,ablation|full_depth2_branch1_risk-adjusted|opaque_dependency_l6|evaluation_seen|131|62004||199|,ablation|full_depth2_branch1_risk-adjusted|opaque_dependency_l6|evaluation_unseen_zero_shot|131|72002||1|,"{""errors"": ""0"", ""holdout_gain"": """", ""prediction_score"": ""0.0"", ""real_transitions"": ""6"", ""repeats"": ""0"", ""steps"": ""6"", ""success"": ""0""}",All 6000 rows in this group have success=0.
high,ablation,group_extreme_success_rate,ablation|full_depth2_branch1_mean|opaque_dependency_l6|evaluation_seen|131|62001||0|,ablation|full_depth2_branch1_mean|opaque_dependency_l6|training|131|52008||1999|,ablation|full_depth2_branch1_mean|opaque_dependency_l6|evaluation_seen|131|62002||1|,"{""errors"": ""0"", ""holdout_gain"": """", ""prediction_score"": ""0.0"", ""real_transitions"": ""6"", ""repeats"": ""0"", ""steps"": ""6"", ""success"": ""0""}",All 6000 rows in this group have success=0.
high,ablation,group_extreme_success_rate,ablation|full_depth2_branch1_mean|opaque_dependency_l6|evaluation_unseen_zero_shot|131|72001||0|,ablation|full_depth2_branch1_mean|opaque_dependency_l6|evaluation_seen|131|62004||199|,ablation|full_depth2_branch1_mean|opaque_dependency_l6|evaluation_unseen_zero_shot|131|72002||1|,"{""errors"": ""0"", ""holdout_gain"": """", ""prediction_score"": ""0.0"", ""real_transitions"": ""6"", ""repeats"": ""0"", ""steps"": ""6"", ""success"": ""0""}",All 6000 rows in this group have success=0.
high,ablation,group_extreme_success_rate,ablation|full_depth1_branch4_max|opaque_dependency_l6|evaluation_seen|131|62001||0|,ablation|full_depth1_branch4_max|opaque_dependency_l6|training|131|52008||1999|,ablation|full_depth1_branch4_max|opaque_dependency_l6|evaluation_seen|131|62002||1|,"{""errors"": ""0"", ""holdout_gain"": """", ""prediction_score"": ""0.0"", ""real_transitions"": ""6"", ""repeats"": ""0"", ""steps"": ""6"", ""success"": ""0""}",All 6000 rows in this group have success=0.
high,ablation,group_extreme_success_rate,ablation|full_depth1_branch4_max|opaque_dependency_l6|evaluation_unseen_zero_shot|131|72001||0|,ablation|full_depth1_branch4_max|opaque_dependency_l6|evaluation_seen|131|62004||199|,ablation|full_depth1_branch4_max|opaque_dependency_l6|evaluation_unseen_zero_shot|131|72002||1|,"{""errors"": ""0"", ""holdout_gain"": """", ""prediction_score"": ""0.0"", ""real_transitions"": ""6"", ""repeats"": ""0"", ""steps"": ""6"", ""success"": ""0""}",All 6000 rows in this group have success=0.
high,ablation,group_extreme_success_rate,ablation|full_depth2_branch1_max|opaque_dependency_l6|evaluation_seen|131|62001||0|,ablation|full_depth2_branch1_max|opaque_dependency_l6|training|131|52008||1999|,ablation|full_depth2_branch1_max|opaque_dependency_l6|evaluation_seen|131|62002||1|,"{""errors"": ""0"", ""holdout_gain"": """", ""prediction_score"": ""0.0"", ""real_transitions"": ""6"", ""repeats"": ""0"", ""steps"": ""6"", ""success"": ""0""}",All 6000 rows in this group have success=0.
high,ablation,group_extreme_success_rate,ablation|full_depth2_branch1_max|opaque_dependency_l6|evaluation_unseen_zero_shot|131|72001||0|,ablation|full_depth2_branch1_max|opaque_dependency_l6|evaluation_seen|131|62004||199|,ablation|full_depth2_branch1_max|opaque_dependency_l6|evaluation_unseen_zero_shot|131|72002||1|,"{""errors"": ""0"", ""holdout_gain"": """", ""prediction_score"": ""0.0"", ""real_transitions"": ""6"", ""repeats"": ""0"", ""steps"": ""6"", ""success"": ""0""}",All 6000 rows in this group have success=0.
high,ablation,group_extreme_success_rate,ablation|full_depth1_branch2_max|opaque_dependency_l6|evaluation_seen|131|62001||0|,ablation|full_depth1_branch2_max|opaque_dependency_l6|training|131|52008||1999|,ablation|full_depth1_branch2_max|opaque_dependency_l6|evaluation_seen|131|62002||1|,"{""errors"": ""0"", ""holdout_gain"": """", ""prediction_score"": ""0.0"", ""real_transitions"": ""6"", ""repeats"": ""0"", ""steps"": ""6"", ""success"": ""0""}",All 6000 rows in this group have success=0.
high,ablation,group_extreme_success_rate,ablation|full_depth1_branch2_max|opaque_dependency_l6|evaluation_unseen_zero_shot|131|72001||0|,ablation|full_depth1_branch2_max|opaque_dependency_l6|evaluation_seen|131|62004||199|,ablation|full_depth1_branch2_max|opaque_dependency_l6|evaluation_unseen_zero_shot|131|72002||1|,"{""errors"": ""0"", ""holdout_gain"": """", ""prediction_score"": ""0.0"", ""real_transitions"": ""6"", ""repeats"": ""0"", ""steps"": ""6"", ""success"": ""0""}",All 6000 rows in this group have success=0.
high,ablation,group_extreme_success_rate,ablation|full_depth1_branch2_mean|opaque_dependency_l6|evaluation_seen|131|62001||0|,ablation|full_depth1_branch2_mean|opaque_dependency_l6|training|131|52008||1999|,ablation|full_depth1_branch2_mean|opaque_dependency_l6|evaluation_seen|131|62002||1|,"{""errors"": ""0"", ""holdout_gain"": """", ""prediction_score"": ""0.0"", ""real_transitions"": ""6"", ""repeats"": ""0"", ""steps"": ""6"", ""success"": ""0""}",All 6000 rows in this group have success=0.
high,ablation,group_extreme_success_rate,ablation|full_depth1_branch2_mean|opaque_dependency_l6|evaluation_unseen_zero_shot|131|72001||0|,ablation|full_depth1_branch2_mean|opaque_dependency_l6|evaluation_seen|131|62004||199|,ablation|full_depth1_branch2_mean|opaque_dependency_l6|evaluation_unseen_zero_shot|131|72002||1|,"{""errors"": ""0"", ""holdout_gain"": """", ""prediction_score"": ""0.0"", ""real_transitions"": ""6"", ""repeats"": ""0"", ""steps"": ""6"", ""success"": ""0""}",All 6000 rows in this group have success=0.
high,ablation,group_extreme_success_rate,ablation|full_depth1_branch2_risk-adjusted|opaque_dependency_l6|evaluation_seen|131|62001||0|,ablation|full_depth1_branch2_risk-adjusted|opaque_dependency_l6|training|131|52008||1999|,ablation|full_depth1_branch2_risk-adjusted|opaque_dependency_l6|evaluation_seen|131|62002||1|,"{""errors"": ""0"", ""holdout_gain"": """", ""prediction_score"": ""0.0"", ""real_transitions"": ""6"", ""repeats"": ""0"", ""steps"": ""6"", ""success"": ""0""}",All 6000 rows in this group have success=0.
high,ablation,group_extreme_success_rate,ablation|full_depth1_branch2_risk-adjusted|opaque_dependency_l6|evaluation_unseen_zero_shot|131|72001||0|,ablation|full_depth1_branch2_risk-adjusted|opaque_dependency_l6|evaluation_seen|131|62004||199|,ablation|full_depth1_branch2_risk-adjusted|opaque_dependency_l6|evaluation_unseen_zero_shot|131|72002||1|,"{""errors"": ""0"", ""holdout_gain"": """", ""prediction_score"": ""0.0"", ""real_transitions"": ""6"", ""repeats"": ""0"", ""steps"": ""6"", ""success"": ""0""}",All 6000 rows in this group have success=0.
high,ablation,group_extreme_success_rate,ablation|full_depth1_branch4_mean|opaque_dependency_l6|evaluation_seen|131|62001||0|,ablation|full_depth1_branch4_mean|opaque_dependency_l6|training|131|52008||1999|,ablation|full_depth1_branch4_mean|opaque_dependency_l6|evaluation_seen|131|62002||1|,"{""errors"": ""0"", ""holdout_gain"": """", ""prediction_score"": ""0.0"", ""real_transitions"": ""6"", ""repeats"": ""0"", ""steps"": ""6"", ""success"": ""0""}",All 6000 rows in this group have success=0.
high,ablation,group_extreme_success_rate,ablation|full_depth1_branch4_mean|opaque_dependency_l6|evaluation_unseen_zero_shot|131|72001||0|,ablation|full_depth1_branch4_mean|opaque_dependency_l6|evaluation_seen|131|62004||199|,ablation|full_depth1_branch4_mean|opaque_dependency_l6|evaluation_unseen_zero_shot|131|72002||1|,"{""errors"": ""0"", ""holdout_gain"": """", ""prediction_score"": ""0.0"", ""real_transitions"": ""6"", ""repeats"": ""0"", ""steps"": ""6"", ""success"": ""0""}",All 6000 rows in this group have success=0.
high,ablation,group_extreme_success_rate,ablation|full_depth1_branch4_risk-adjusted|opaque_dependency_l6|evaluation_seen|131|62001||0|,ablation|full_depth1_branch4_risk-adjusted|opaque_dependency_l6|training|131|52008||1999|,ablation|full_depth1_branch4_risk-adjusted|opaque_dependency_l6|evaluation_seen|131|62002||1|,"{""errors"": ""0"", ""holdout_gain"": """", ""prediction_score"": ""0.0"", ""real_transitions"": ""6"", ""repeats"": ""0"", ""steps"": ""6"", ""success"": ""0""}",All 6000 rows in this group have success=0.
high,ablation,group_extreme_success_rate,ablation|full_depth1_branch4_risk-adjusted|opaque_dependency_l6|evaluation_unseen_zero_shot|131|72001||0|,ablation|full_depth1_branch4_risk-adjusted|opaque_dependency_l6|evaluation_seen|131|62004||199|,ablation|full_depth1_branch4_risk-adjusted|opaque_dependency_l6|evaluation_unseen_zero_shot|131|72002||1|,"{""errors"": ""0"", ""holdout_gain"": """", ""prediction_score"": ""0.0"", ""real_transitions"": ""6"", ""repeats"": ""0"", ""steps"": ""6"", ""success"": ""0""}",All 6000 rows in this group have success=0.
high,ablation,group_extreme_success_rate,ablation|full_depth1_branch1_mean|opaque_dependency_l6|evaluation_seen|131|62001||0|,ablation|full_depth1_branch1_mean|opaque_dependency_l6|training|131|52008||1999|,ablation|full_depth1_branch1_mean|opaque_dependency_l6|evaluation_seen|131|62002||1|,"{""errors"": ""0"", ""holdout_gain"": """", ""prediction_score"": ""0.0"", ""real_transitions"": ""6"", ""repeats"": ""0"", ""steps"": ""6"", ""success"": ""0""}",All 6000 rows in this group have success=0.
high,ablation,group_extreme_success_rate,ablation|full_depth1_branch1_mean|opaque_dependency_l6|evaluation_unseen_zero_shot|131|72001||0|,ablation|full_depth1_branch1_mean|opaque_dependency_l6|evaluation_seen|131|62004||199|,ablation|full_depth1_branch1_mean|opaque_dependency_l6|evaluation_unseen_zero_shot|131|72002||1|,"{""errors"": ""0"", ""holdout_gain"": """", ""prediction_score"": ""0.0"", ""real_transitions"": ""6"", ""repeats"": ""0"", ""steps"": ""6"", ""success"": ""0""}",All 6000 rows in this group have success=0.
high,ablation,group_extreme_success_rate,ablation|full_depth2_branch2_max|opaque_dependency_l6|evaluation_seen|131|62001||0|,ablation|full_depth2_branch2_max|opaque_dependency_l6|training|131|52008||1999|,ablation|full_depth2_branch2_max|opaque_dependency_l6|evaluation_seen|131|62002||1|,"{""errors"": ""0"", ""holdout_gain"": """", ""prediction_score"": ""0.0"", ""real_transitions"": ""6"", ""repeats"": ""0"", ""steps"": ""6"", ""success"": ""0""}",All 6000 rows in this group have success=0.
high,ablation,group_extreme_success_rate,ablation|full_depth2_branch2_max|opaque_dependency_l6|evaluation_unseen_zero_shot|131|72001||0|,ablation|full_depth2_branch2_max|opaque_dependency_l6|evaluation_seen|131|62004||199|,ablation|full_depth2_branch2_max|opaque_dependency_l6|evaluation_unseen_zero_shot|131|72002||1|,"{""errors"": ""0"", ""holdout_gain"": """", ""prediction_score"": ""0.0"", ""real_transitions"": ""6"", ""repeats"": ""0"", ""steps"": ""6"", ""success"": ""0""}",All 6000 rows in this group have success=0.
high,ablation,group_extreme_success_rate,ablation|full_depth2_branch2_mean|opaque_dependency_l6|evaluation_seen|131|62001||0|,ablation|full_depth2_branch2_mean|opaque_dependency_l6|training|131|52008||1999|,ablation|full_depth2_branch2_mean|opaque_dependency_l6|evaluation_seen|131|62002||1|,"{""errors"": ""0"", ""holdout_gain"": """", ""prediction_score"": ""0.0"", ""real_transitions"": ""6"", ""repeats"": ""0"", ""steps"": ""6"", ""success"": ""0""}",All 6000 rows in this group have success=0.
high,ablation,group_extreme_success_rate,ablation|full_depth2_branch2_mean|opaque_dependency_l6|evaluation_unseen_zero_shot|131|72001||0|,ablation|full_depth2_branch2_mean|opaque_dependency_l6|evaluation_seen|131|62004||199|,ablation|full_depth2_branch2_mean|opaque_dependency_l6|evaluation_unseen_zero_shot|131|72002||1|,"{""errors"": ""0"", ""holdout_gain"": """", ""prediction_score"": ""0.0"", ""real_transitions"": ""6"", ""repeats"": ""0"", ""steps"": ""6"", ""success"": ""0""}",All 6000 rows in this group have success=0.
high,ablation,group_extreme_success_rate,ablation|full_depth4_branch1_mean|opaque_dependency_l6|evaluation_seen|131|62001||0|,ablation|full_depth4_branch1_mean|opaque_dependency_l6|training|131|52008||1999|,ablation|full_depth4_branch1_mean|opaque_dependency_l6|evaluation_seen|131|62002||1|,"{""errors"": ""0"", ""holdout_gain"": """", ""prediction_score"": ""0.0"", ""real_transitions"": ""6"", ""repeats"": ""0"", ""steps"": ""6"", ""success"": ""0""}",All 6000 rows in this group have success=0.
high,ablation,group_extreme_success_rate,ablation|full_depth4_branch1_mean|opaque_dependency_l6|evaluation_unseen_zero_shot|131|72001||0|,ablation|full_depth4_branch1_mean|opaque_dependency_l6|evaluation_seen|131|62004||199|,ablation|full_depth4_branch1_mean|opaque_dependency_l6|evaluation_unseen_zero_shot|131|72002||1|,"{""errors"": ""0"", ""holdout_gain"": """", ""prediction_score"": ""0.0"", ""real_transitions"": ""6"", ""repeats"": ""0"", ""steps"": ""6"", ""success"": ""0""}",All 6000 rows in this group have success=0.
high,ablation,group_extreme_success_rate,ablation|full_depth2_branch4_max|opaque_dependency_l6|evaluation_seen|131|62001||0|,ablation|full_depth2_branch4_max|opaque_dependency_l6|training|131|52008||1999|,ablation|full_depth2_branch4_max|opaque_dependency_l6|evaluation_seen|131|62002||1|,"{""errors"": ""0"", ""holdout_gain"": """", ""prediction_score"": ""0.0"", ""real_transitions"": ""6"", ""repeats"": ""0"", ""steps"": ""6"", ""success"": ""0""}",All 6000 rows in this group have success=0.
high,ablation,group_extreme_success_rate,ablation|full_depth2_branch4_max|opaque_dependency_l6|evaluation_unseen_zero_shot|131|72001||0|,ablation|full_depth2_branch4_max|opaque_dependency_l6|evaluation_seen|131|62004||199|,ablation|full_depth2_branch4_max|opaque_dependency_l6|evaluation_unseen_zero_shot|131|72002||1|,"{""errors"": ""0"", ""holdout_gain"": """", ""prediction_score"": ""0.0"", ""real_transitions"": ""6"", ""repeats"": ""0"", ""steps"": ""6"", ""success"": ""0""}",All 6000 rows in this group have success=0.
high,ablation,group_extreme_success_rate,ablation|full_depth4_branch1_max|opaque_dependency_l6|evaluation_seen|131|62001||0|,ablation|full_depth4_branch1_max|opaque_dependency_l6|training|131|52008||1999|,ablation|full_depth4_branch1_max|opaque_dependency_l6|evaluation_seen|131|62002||1|,"{""errors"": ""0"", ""holdout_gain"": """", ""prediction_score"": ""0.0"", ""real_transitions"": ""6"", ""repeats"": ""0"", ""steps"": ""6"", ""success"": ""0""}",All 6000 rows in this group have success=0.
high,ablation,group_extreme_success_rate,ablation|full_depth4_branch1_max|opaque_dependency_l6|evaluation_unseen_zero_shot|131|72001||0|,ablation|full_depth4_branch1_max|opaque_dependency_l6|evaluation_seen|131|62004||199|,ablation|full_depth4_branch1_max|opaque_dependency_l6|evaluation_unseen_zero_shot|131|72002||1|,"{""errors"": ""0"", ""holdout_gain"": """", ""prediction_score"": ""0.0"", ""real_transitions"": ""6"", ""repeats"": ""0"", ""steps"": ""6"", ""success"": ""0""}",All 6000 rows in this group have success=0.
high,ablation,group_extreme_success_rate,ablation|full_depth2_branch4_mean|opaque_dependency_l6|evaluation_seen|131|62001||0|,ablation|full_depth2_branch4_mean|opaque_dependency_l6|training|131|52008||1999|,ablation|full_depth2_branch4_mean|opaque_dependency_l6|evaluation_seen|131|62002||1|,"{""errors"": ""0"", ""holdout_gain"": """", ""prediction_score"": ""0.0"", ""real_transitions"": ""6"", ""repeats"": ""0"", ""steps"": ""6"", ""success"": ""0""}",All 6000 rows in this group have success=0.
high,ablation,group_extreme_success_rate,ablation|full_depth2_branch4_mean|opaque_dependency_l6|evaluation_unseen_zero_shot|131|72001||0|,ablation|full_depth2_branch4_mean|opaque_dependency_l6|evaluation_seen|131|62004||199|,ablation|full_depth2_branch4_mean|opaque_dependency_l6|evaluation_unseen_zero_shot|131|72002||1|,"{""errors"": ""0"", ""holdout_gain"": """", ""prediction_score"": ""0.0"", ""real_transitions"": ""6"", ""repeats"": ""0"", ""steps"": ""6"", ""success"": ""0""}",All 6000 rows in this group have success=0.
high,ablation,group_extreme_success_rate,ablation|full_depth4_branch1_risk-adjusted|opaque_dependency_l6|evaluation_seen|131|62001||0|,ablation|full_depth4_branch1_risk-adjusted|opaque_dependency_l6|training|131|52008||1999|,ablation|full_depth4_branch1_risk-adjusted|opaque_dependency_l6|evaluation_seen|131|62002||1|,"{""errors"": ""0"", ""holdout_gain"": """", ""prediction_score"": ""0.0"", ""real_transitions"": ""6"", ""repeats"": ""0"", ""steps"": ""6"", ""success"": ""0""}",All 6000 rows in this group have success=0.
high,ablation,group_extreme_success_rate,ablation|full_depth4_branch1_risk-adjusted|opaque_dependency_l6|evaluation_unseen_zero_shot|131|72001||0|,ablation|full_depth4_branch1_risk-adjusted|opaque_dependency_l6|evaluation_seen|131|62004||199|,ablation|full_depth4_branch1_risk-adjusted|opaque_dependency_l6|evaluation_unseen_zero_shot|131|72002||1|,"{""errors"": ""0"", ""holdout_gain"": """", ""prediction_score"": ""0.0"", ""real_transitions"": ""6"", ""repeats"": ""0"", ""steps"": ""6"", ""success"": ""0""}",All 6000 rows in this group have success=0.
high,ablation,group_extreme_success_rate,ablation|full_depth2_branch2_risk-adjusted|opaque_dependency_l6|evaluation_seen|131|62001||0|,ablation|full_depth2_branch2_risk-adjusted|opaque_dependency_l6|training|131|52008||1999|,ablation|full_depth2_branch2_risk-adjusted|opaque_dependency_l6|evaluation_seen|131|62002||1|,"{""errors"": ""0"", ""holdout_gain"": """", ""prediction_score"": ""0.0"", ""real_transitions"": ""6"", ""repeats"": ""0"", ""steps"": ""6"", ""success"": ""0""}",All 6000 rows in this group have success=0.
high,ablation,group_extreme_success_rate,ablation|full_depth2_branch2_risk-adjusted|opaque_dependency_l6|evaluation_unseen_zero_shot|131|72001||0|,ablation|full_depth2_branch2_risk-adjusted|opaque_dependency_l6|evaluation_seen|131|62004||199|,ablation|full_depth2_branch2_risk-adjusted|opaque_dependency_l6|evaluation_unseen_zero_shot|131|72002||1|,"{""errors"": ""0"", ""holdout_gain"": """", ""prediction_score"": ""0.0"", ""real_transitions"": ""6"", ""repeats"": ""0"", ""steps"": ""6"", ""success"": ""0""}",All 6000 rows in this group have success=0.
high,ablation,group_extreme_success_rate,ablation|full_depth2_branch4_risk-adjusted|opaque_dependency_l6|evaluation_seen|131|62001||0|,ablation|full_depth2_branch4_risk-adjusted|opaque_dependency_l6|training|131|52008||1999|,ablation|full_depth2_branch4_risk-adjusted|opaque_dependency_l6|evaluation_seen|131|62002||1|,"{""errors"": ""0"", ""holdout_gain"": """", ""prediction_score"": ""0.0"", ""real_transitions"": ""6"", ""repeats"": ""0"", ""steps"": ""6"", ""success"": ""0""}",All 6000 rows in this group have success=0.
high,ablation,group_extreme_success_rate,ablation|full_depth2_branch4_risk-adjusted|opaque_dependency_l6|evaluation_unseen_zero_shot|131|72001||0|,ablation|full_depth2_branch4_risk-adjusted|opaque_dependency_l6|evaluation_seen|131|62004||199|,ablation|full_depth2_branch4_risk-adjusted|opaque_dependency_l6|evaluation_unseen_zero_shot|131|72002||1|,"{""errors"": ""0"", ""holdout_gain"": """", ""prediction_score"": ""0.0"", ""real_transitions"": ""6"", ""repeats"": ""0"", ""steps"": ""6"", ""success"": ""0""}",All 6000 rows in this group have success=0.
high,ablation,group_extreme_success_rate,ablation|imagination_no_validated_value|opaque_dependency_l6|evaluation_seen|131|62001||0|,ablation|imagination_no_validated_value|opaque_dependency_l6|training|131|52008||1999|,ablation|imagination_no_validated_value|opaque_dependency_l6|evaluation_seen|131|62002||1|,"{""errors"": ""0"", ""holdout_gain"": """", ""prediction_score"": ""0.0"", ""real_transitions"": ""6"", ""repeats"": ""0"", ""steps"": ""6"", ""success"": ""0""}",All 6000 rows in this group have success=0.
high,ablation,group_extreme_success_rate,ablation|imagination_no_validated_value|opaque_dependency_l6|evaluation_unseen_zero_shot|131|72001||0|,ablation|imagination_no_validated_value|opaque_dependency_l6|evaluation_seen|131|62004||199|,ablation|imagination_no_validated_value|opaque_dependency_l6|evaluation_unseen_zero_shot|131|72002||1|,"{""errors"": ""0"", ""holdout_gain"": """", ""prediction_score"": ""0.0"", ""real_transitions"": ""6"", ""repeats"": ""0"", ""steps"": ""6"", ""success"": ""0""}",All 6000 rows in this group have success=0.
high,ablation,group_extreme_success_rate,ablation|full_no_validated_information|opaque_dependency_l6|evaluation_seen|131|62001||0|,ablation|full_no_validated_information|opaque_dependency_l6|training|131|52008||1999|,ablation|full_no_validated_information|opaque_dependency_l6|evaluation_seen|131|62002||1|,"{""errors"": ""0"", ""holdout_gain"": """", ""prediction_score"": ""0.0"", ""real_transitions"": ""6"", ""repeats"": ""0"", ""steps"": ""6"", ""success"": ""0""}",All 6000 rows in this group have success=0.
high,ablation,group_extreme_success_rate,ablation|full_no_validated_information|opaque_dependency_l6|evaluation_unseen_zero_shot|131|72001||0|,ablation|full_no_validated_information|opaque_dependency_l6|evaluation_seen|131|62004||199|,ablation|full_no_validated_information|opaque_dependency_l6|evaluation_unseen_zero_shot|131|72002||1|,"{""errors"": ""0"", ""holdout_gain"": """", ""prediction_score"": ""0.0"", ""real_transitions"": ""6"", ""repeats"": ""0"", ""steps"": ""6"", ""success"": ""0""}",All 6000 rows in this group have success=0.
high,ablation,group_extreme_success_rate,ablation|full_aassr|opaque_dependency_l6|evaluation_seen|131|62001||0|,ablation|full_aassr|opaque_dependency_l6|training|131|52008||1999|,ablation|full_aassr|opaque_dependency_l6|evaluation_seen|131|62002||1|,"{""errors"": ""0"", ""holdout_gain"": """", ""prediction_score"": ""0.0"", ""real_transitions"": ""6"", ""repeats"": ""0"", ""steps"": ""6"", ""success"": ""0""}",All 6000 rows in this group have success=0.
high,ablation,group_extreme_success_rate,ablation|full_aassr|opaque_dependency_l6|evaluation_unseen_zero_shot|131|72001||0|,ablation|full_aassr|opaque_dependency_l6|evaluation_seen|131|62004||199|,ablation|full_aassr|opaque_dependency_l6|evaluation_unseen_zero_shot|131|72002||1|,"{""errors"": ""0"", ""holdout_gain"": """", ""prediction_score"": ""0.0"", ""real_transitions"": ""6"", ""repeats"": ""0"", ""steps"": ""6"", ""success"": ""0""}",All 6000 rows in this group have success=0.
high,ablation,group_extreme_success_rate,ablation|full_no_error_penalty|opaque_dependency_l6|evaluation_seen|131|62001||0|,ablation|full_no_error_penalty|opaque_dependency_l6|training|131|52008||1999|,ablation|full_no_error_penalty|opaque_dependency_l6|evaluation_seen|131|62002||1|,"{""errors"": ""0"", ""holdout_gain"": """", ""prediction_score"": ""0.0"", ""real_transitions"": ""6"", ""repeats"": ""0"", ""steps"": ""6"", ""success"": ""0""}",All 6000 rows in this group have success=0.
high,ablation,group_extreme_success_rate,ablation|full_no_error_penalty|opaque_dependency_l6|evaluation_unseen_zero_shot|131|72001||0|,ablation|full_no_error_penalty|opaque_dependency_l6|evaluation_seen|131|62004||199|,ablation|full_no_error_penalty|opaque_dependency_l6|evaluation_unseen_zero_shot|131|72002||1|,"{""errors"": ""0"", ""holdout_gain"": """", ""prediction_score"": ""0.0"", ""real_transitions"": ""6"", ""repeats"": ""0"", ""steps"": ""6"", ""success"": ""0""}",All 6000 rows in this group have success=0.
high,ablation,group_extreme_success_rate,ablation|full_depth4_branch2_risk-adjusted|opaque_dependency_l6|evaluation_seen|131|62001||0|,ablation|full_depth4_branch2_risk-adjusted|opaque_dependency_l6|training|131|52008||1999|,ablation|full_depth4_branch2_risk-adjusted|opaque_dependency_l6|evaluation_seen|131|62002||1|,"{""errors"": ""0"", ""holdout_gain"": """", ""prediction_score"": ""0.0"", ""real_transitions"": ""6"", ""repeats"": ""0"", ""steps"": ""6"", ""success"": ""0""}",All 6000 rows in this group have success=0.
high,ablation,group_extreme_success_rate,ablation|full_depth4_branch2_risk-adjusted|opaque_dependency_l6|evaluation_unseen_zero_shot|131|72001||0|,ablation|full_depth4_branch2_risk-adjusted|opaque_dependency_l6|evaluation_seen|131|62004||199|,ablation|full_depth4_branch2_risk-adjusted|opaque_dependency_l6|evaluation_unseen_zero_shot|131|72002||1|,"{""errors"": ""0"", ""holdout_gain"": """", ""prediction_score"": ""0.0"", ""real_transitions"": ""6"", ""repeats"": ""0"", ""steps"": ""6"", ""success"": ""0""}",All 6000 rows in this group have success=0.
high,ablation,group_extreme_success_rate,ablation|full_no_repeat_penalty|opaque_dependency_l6|evaluation_seen|131|62001||0|,ablation|full_no_repeat_penalty|opaque_dependency_l6|training|131|52008||1999|,ablation|full_no_repeat_penalty|opaque_dependency_l6|evaluation_seen|131|62002||1|,"{""errors"": ""0"", ""holdout_gain"": """", ""prediction_score"": ""0.0"", ""real_transitions"": ""6"", ""repeats"": ""0"", ""steps"": ""6"", ""success"": ""0""}",All 6000 rows in this group have success=0.
high,ablation,group_extreme_success_rate,ablation|full_no_repeat_penalty|opaque_dependency_l6|evaluation_unseen_zero_shot|131|72001||0|,ablation|full_no_repeat_penalty|opaque_dependency_l6|evaluation_seen|131|62004||199|,ablation|full_no_repeat_penalty|opaque_dependency_l6|evaluation_unseen_zero_shot|131|72002||1|,"{""errors"": ""0"", ""holdout_gain"": """", ""prediction_score"": ""0.0"", ""real_transitions"": ""6"", ""repeats"": ""0"", ""steps"": ""6"", ""success"": ""0""}",All 6000 rows in this group have success=0.
high,ablation,group_extreme_success_rate,ablation|full_depth4_branch2_max|opaque_dependency_l6|evaluation_seen|131|62001||0|,ablation|full_depth4_branch2_max|opaque_dependency_l6|training|131|52008||1999|,ablation|full_depth4_branch2_max|opaque_dependency_l6|evaluation_seen|131|62002||1|,"{""errors"": ""0"", ""holdout_gain"": """", ""prediction_score"": ""0.0"", ""real_transitions"": ""6"", ""repeats"": ""0"", ""steps"": ""6"", ""success"": ""0""}",All 6000 rows in this group have success=0.
high,ablation,group_extreme_success_rate,ablation|full_depth4_branch2_max|opaque_dependency_l6|evaluation_unseen_zero_shot|131|72001||0|,ablation|full_depth4_branch2_max|opaque_dependency_l6|evaluation_seen|131|62004||199|,ablation|full_depth4_branch2_max|opaque_dependency_l6|evaluation_unseen_zero_shot|131|72002||1|,"{""errors"": ""0"", ""holdout_gain"": """", ""prediction_score"": ""0.0"", ""real_transitions"": ""6"", ""repeats"": ""0"", ""steps"": ""6"", ""success"": ""0""}",All 6000 rows in this group have success=0.
high,ablation,group_extreme_success_rate,ablation|full_depth4_branch2_mean|opaque_dependency_l6|evaluation_seen|131|62001||0|,ablation|full_depth4_branch2_mean|opaque_dependency_l6|training|131|52008||1999|,ablation|full_depth4_branch2_mean|opaque_dependency_l6|evaluation_seen|131|62002||1|,"{""errors"": ""0"", ""holdout_gain"": """", ""prediction_score"": ""0.0"", ""real_transitions"": ""6"", ""repeats"": ""0"", ""steps"": ""6"", ""success"": ""0""}",All 6000 rows in this group have success=0.
high,ablation,group_extreme_success_rate,ablation|full_depth4_branch2_mean|opaque_dependency_l6|evaluation_unseen_zero_shot|131|72001||0|,ablation|full_depth4_branch2_mean|opaque_dependency_l6|evaluation_seen|131|62004||199|,ablation|full_depth4_branch2_mean|opaque_dependency_l6|evaluation_unseen_zero_shot|131|72002||1|,"{""errors"": ""0"", ""holdout_gain"": """", ""prediction_score"": ""0.0"", ""real_transitions"": ""6"", ""repeats"": ""0"", ""steps"": ""6"", ""success"": ""0""}",All 6000 rows in this group have success=0.
high,ablation,group_extreme_success_rate,ablation|full_depth4_branch4_mean|opaque_dependency_l6|evaluation_seen|131|62001||0|,ablation|full_depth4_branch4_mean|opaque_dependency_l6|training|131|52008||1999|,ablation|full_depth4_branch4_mean|opaque_dependency_l6|evaluation_seen|131|62002||1|,"{""errors"": ""0"", ""holdout_gain"": """", ""prediction_score"": ""0.0"", ""real_transitions"": ""6"", ""repeats"": ""0"", ""steps"": ""6"", ""success"": ""0""}",All 6000 rows in this group have success=0.
high,ablation,group_extreme_success_rate,ablation|full_depth4_branch4_mean|opaque_dependency_l6|evaluation_unseen_zero_shot|131|72001||0|,ablation|full_depth4_branch4_mean|opaque_dependency_l6|evaluation_seen|131|62004||199|,ablation|full_depth4_branch4_mean|opaque_dependency_l6|evaluation_unseen_zero_shot|131|72002||1|,"{""errors"": ""0"", ""holdout_gain"": """", ""prediction_score"": ""0.0"", ""real_transitions"": ""6"", ""repeats"": ""0"", ""steps"": ""6"", ""success"": ""0""}",All 6000 rows in this group have success=0.
high,ablation,group_extreme_success_rate,ablation|full_depth4_branch4_max|opaque_dependency_l6|evaluation_seen|131|62001||0|,ablation|full_depth4_branch4_max|opaque_dependency_l6|training|131|52008||1999|,ablation|full_depth4_branch4_max|opaque_dependency_l6|evaluation_seen|131|62002||1|,"{""errors"": ""0"", ""holdout_gain"": """", ""prediction_score"": ""0.0"", ""real_transitions"": ""6"", ""repeats"": ""0"", ""steps"": ""6"", ""success"": ""0""}",All 6000 rows in this group have success=0.
high,ablation,group_extreme_success_rate,ablation|full_depth4_branch4_max|opaque_dependency_l6|evaluation_unseen_zero_shot|131|72001||0|,ablation|full_depth4_branch4_max|opaque_dependency_l6|evaluation_seen|131|62004||199|,ablation|full_depth4_branch4_max|opaque_dependency_l6|evaluation_unseen_zero_shot|131|72002||1|,"{""errors"": ""0"", ""holdout_gain"": """", ""prediction_score"": ""0.0"", ""real_transitions"": ""6"", ""repeats"": ""0"", ""steps"": ""6"", ""success"": ""0""}",All 6000 rows in this group have success=0.
high,ablation,group_extreme_success_rate,ablation|full_depth6_branch1_max|opaque_dependency_l6|evaluation_seen|131|62001||0|,ablation|full_depth6_branch1_max|opaque_dependency_l6|training|131|52008||1999|,ablation|full_depth6_branch1_max|opaque_dependency_l6|evaluation_seen|131|62002||1|,"{""errors"": ""0"", ""holdout_gain"": """", ""prediction_score"": ""0.0"", ""real_transitions"": ""6"", ""repeats"": ""0"", ""steps"": ""6"", ""success"": ""0""}",All 6000 rows in this group have success=0.
high,ablation,group_extreme_success_rate,ablation|full_depth6_branch1_max|opaque_dependency_l6|evaluation_unseen_zero_shot|131|72001||0|,ablation|full_depth6_branch1_max|opaque_dependency_l6|evaluation_seen|131|62004||199|,ablation|full_depth6_branch1_max|opaque_dependency_l6|evaluation_unseen_zero_shot|131|72002||1|,"{""errors"": ""0"", ""holdout_gain"": """", ""prediction_score"": ""0.0"", ""real_transitions"": ""6"", ""repeats"": ""0"", ""steps"": ""6"", ""success"": ""0""}",All 6000 rows in this group have success=0.
high,ablation,group_extreme_success_rate,ablation|full_depth6_branch1_mean|opaque_dependency_l6|evaluation_seen|131|62001||0|,ablation|full_depth6_branch1_mean|opaque_dependency_l6|training|131|52008||1999|,ablation|full_depth6_branch1_mean|opaque_dependency_l6|evaluation_seen|131|62002||1|,"{""errors"": ""0"", ""holdout_gain"": """", ""prediction_score"": ""0.0"", ""real_transitions"": ""6"", ""repeats"": ""0"", ""steps"": ""6"", ""success"": ""0""}",All 6000 rows in this group have success=0.
high,ablation,group_extreme_success_rate,ablation|full_depth6_branch1_mean|opaque_dependency_l6|evaluation_unseen_zero_shot|131|72001||0|,ablation|full_depth6_branch1_mean|opaque_dependency_l6|evaluation_seen|131|62004||199|,ablation|full_depth6_branch1_mean|opaque_dependency_l6|evaluation_unseen_zero_shot|131|72002||1|,"{""errors"": ""0"", ""holdout_gain"": """", ""prediction_score"": ""0.0"", ""real_transitions"": ""6"", ""repeats"": ""0"", ""steps"": ""6"", ""success"": ""0""}",All 6000 rows in this group have success=0.
high,ablation,group_extreme_success_rate,ablation|full_depth6_branch1_risk-adjusted|opaque_dependency_l6|evaluation_seen|131|62001||0|,ablation|full_depth6_branch1_risk-adjusted|opaque_dependency_l6|training|131|52008||1999|,ablation|full_depth6_branch1_risk-adjusted|opaque_dependency_l6|evaluation_seen|131|62002||1|,"{""errors"": ""0"", ""holdout_gain"": """", ""prediction_score"": ""0.0"", ""real_transitions"": ""6"", ""repeats"": ""0"", ""steps"": ""6"", ""success"": ""0""}",All 6000 rows in this group have success=0.
high,ablation,group_extreme_success_rate,ablation|full_depth6_branch1_risk-adjusted|opaque_dependency_l6|evaluation_unseen_zero_shot|131|72001||0|,ablation|full_depth6_branch1_risk-adjusted|opaque_dependency_l6|evaluation_seen|131|62004||199|,ablation|full_depth6_branch1_risk-adjusted|opaque_dependency_l6|evaluation_unseen_zero_shot|131|72002||1|,"{""errors"": ""0"", ""holdout_gain"": """", ""prediction_score"": ""0.0"", ""real_transitions"": ""6"", ""repeats"": ""0"", ""steps"": ""6"", ""success"": ""0""}",All 6000 rows in this group have success=0.
high,ablation,group_extreme_success_rate,ablation|full_depth4_branch4_risk-adjusted|opaque_dependency_l6|evaluation_seen|131|62001||0|,ablation|full_depth4_branch4_risk-adjusted|opaque_dependency_l6|training|131|52008||1999|,ablation|full_depth4_branch4_risk-adjusted|opaque_dependency_l6|evaluation_seen|131|62002||1|,"{""errors"": ""0"", ""holdout_gain"": """", ""prediction_score"": ""0.0"", ""real_transitions"": ""6"", ""repeats"": ""0"", ""steps"": ""6"", ""success"": ""0""}",All 6000 rows in this group have success=0.
high,ablation,group_extreme_success_rate,ablation|full_depth4_branch4_risk-adjusted|opaque_dependency_l6|evaluation_unseen_zero_shot|131|72001||0|,ablation|full_depth4_branch4_risk-adjusted|opaque_dependency_l6|evaluation_seen|131|62004||199|,ablation|full_depth4_branch4_risk-adjusted|opaque_dependency_l6|evaluation_unseen_zero_shot|131|72002||1|,"{""errors"": ""0"", ""holdout_gain"": """", ""prediction_score"": ""0.0"", ""real_transitions"": ""6"", ""repeats"": ""0"", ""steps"": ""6"", ""success"": ""0""}",All 6000 rows in this group have success=0.
high,ablation,group_extreme_success_rate,ablation|full_depth6_branch2_max|opaque_dependency_l6|evaluation_seen|131|62001||0|,ablation|full_depth6_branch2_max|opaque_dependency_l6|training|131|52008||1999|,ablation|full_depth6_branch2_max|opaque_dependency_l6|evaluation_seen|131|62002||1|,"{""errors"": ""0"", ""holdout_gain"": """", ""prediction_score"": ""0.0"", ""real_transitions"": ""6"", ""repeats"": ""0"", ""steps"": ""6"", ""success"": ""0""}",All 6000 rows in this group have success=0.
high,ablation,group_extreme_success_rate,ablation|full_depth6_branch2_max|opaque_dependency_l6|evaluation_unseen_zero_shot|131|72001||0|,ablation|full_depth6_branch2_max|opaque_dependency_l6|evaluation_seen|131|62004||199|,ablation|full_depth6_branch2_max|opaque_dependency_l6|evaluation_unseen_zero_shot|131|72002||1|,"{""errors"": ""0"", ""holdout_gain"": """", ""prediction_score"": ""0.0"", ""real_transitions"": ""6"", ""repeats"": ""0"", ""steps"": ""6"", ""success"": ""0""}",All 6000 rows in this group have success=0.
high,ablation,group_extreme_success_rate,ablation|full_depth6_branch4_mean|opaque_dependency_l6|evaluation_seen|131|62001||0|,ablation|full_depth6_branch4_mean|opaque_dependency_l6|training|131|52008||1999|,ablation|full_depth6_branch4_mean|opaque_dependency_l6|evaluation_seen|131|62002||1|,"{""errors"": ""0"", ""holdout_gain"": """", ""prediction_score"": ""0.0"", ""real_transitions"": ""6"", ""repeats"": ""0"", ""steps"": ""6"", ""success"": ""0""}",All 6000 rows in this group have success=0.
high,ablation,group_extreme_success_rate,ablation|full_depth6_branch4_mean|opaque_dependency_l6|evaluation_unseen_zero_shot|131|72001||0|,ablation|full_depth6_branch4_mean|opaque_dependency_l6|evaluation_seen|131|62004||199|,ablation|full_depth6_branch4_mean|opaque_dependency_l6|evaluation_unseen_zero_shot|131|72002||1|,"{""errors"": ""0"", ""holdout_gain"": """", ""prediction_score"": ""0.0"", ""real_transitions"": ""6"", ""repeats"": ""0"", ""steps"": ""6"", ""success"": ""0""}",All 6000 rows in this group have success=0.
high,ablation,group_extreme_success_rate,ablation|full_depth6_branch2_risk-adjusted|opaque_dependency_l6|evaluation_seen|131|62001||0|,ablation|full_depth6_branch2_risk-adjusted|opaque_dependency_l6|training|131|52008||1999|,ablation|full_depth6_branch2_risk-adjusted|opaque_dependency_l6|evaluation_seen|131|62002||1|,"{""errors"": ""0"", ""holdout_gain"": """", ""prediction_score"": ""0.0"", ""real_transitions"": ""6"", ""repeats"": ""0"", ""steps"": ""6"", ""success"": ""0""}",All 6000 rows in this group have success=0.
high,ablation,group_extreme_success_rate,ablation|full_depth6_branch2_risk-adjusted|opaque_dependency_l6|evaluation_unseen_zero_shot|131|72001||0|,ablation|full_depth6_branch2_risk-adjusted|opaque_dependency_l6|evaluation_seen|131|62004||199|,ablation|full_depth6_branch2_risk-adjusted|opaque_dependency_l6|evaluation_unseen_zero_shot|131|72002||1|,"{""errors"": ""0"", ""holdout_gain"": """", ""prediction_score"": ""0.0"", ""real_transitions"": ""6"", ""repeats"": ""0"", ""steps"": ""6"", ""success"": ""0""}",All 6000 rows in this group have success=0.
high,ablation,group_extreme_success_rate,ablation|full_depth6_branch4_max|opaque_dependency_l6|evaluation_seen|131|62001||0|,ablation|full_depth6_branch4_max|opaque_dependency_l6|training|131|52008||1999|,ablation|full_depth6_branch4_max|opaque_dependency_l6|evaluation_seen|131|62002||1|,"{""errors"": ""0"", ""holdout_gain"": """", ""prediction_score"": ""0.0"", ""real_transitions"": ""6"", ""repeats"": ""0"", ""steps"": ""6"", ""success"": ""0""}",All 6000 rows in this group have success=0.
high,ablation,group_extreme_success_rate,ablation|full_depth6_branch4_max|opaque_dependency_l6|evaluation_unseen_zero_shot|131|72001||0|,ablation|full_depth6_branch4_max|opaque_dependency_l6|evaluation_seen|131|62004||199|,ablation|full_depth6_branch4_max|opaque_dependency_l6|evaluation_unseen_zero_shot|131|72002||1|,"{""errors"": ""0"", ""holdout_gain"": """", ""prediction_score"": ""0.0"", ""real_transitions"": ""6"", ""repeats"": ""0"", ""steps"": ""6"", ""success"": ""0""}",All 6000 rows in this group have success=0.
high,ablation,group_extreme_success_rate,ablation|full_depth6_branch2_mean|opaque_dependency_l6|evaluation_seen|131|62001||0|,ablation|full_depth6_branch2_mean|opaque_dependency_l6|training|131|52008||1999|,ablation|full_depth6_branch2_mean|opaque_dependency_l6|evaluation_seen|131|62002||1|,"{""errors"": ""0"", ""holdout_gain"": """", ""prediction_score"": ""0.0"", ""real_transitions"": ""6"", ""repeats"": ""0"", ""steps"": ""6"", ""success"": ""0""}",All 6000 rows in this group have success=0.
high,ablation,group_extreme_success_rate,ablation|full_depth6_branch2_mean|opaque_dependency_l6|evaluation_unseen_zero_shot|131|72001||0|,ablation|full_depth6_branch2_mean|opaque_dependency_l6|evaluation_seen|131|62004||199|,ablation|full_depth6_branch2_mean|opaque_dependency_l6|evaluation_unseen_zero_shot|131|72002||1|,"{""errors"": ""0"", ""holdout_gain"": """", ""prediction_score"": ""0.0"", ""real_transitions"": ""6"", ""repeats"": ""0"", ""steps"": ""6"", ""success"": ""0""}",All 6000 rows in this group have success=0.
high,ablation,group_extreme_success_rate,ablation|full_depth6_branch4_risk-adjusted|opaque_dependency_l6|evaluation_seen|131|62001||0|,ablation|full_depth6_branch4_risk-adjusted|opaque_dependency_l6|training|131|52008||1999|,ablation|full_depth6_branch4_risk-adjusted|opaque_dependency_l6|evaluation_seen|131|62002||1|,"{""errors"": ""0"", ""holdout_gain"": """", ""prediction_score"": ""0.0"", ""real_transitions"": ""6"", ""repeats"": ""0"", ""steps"": ""6"", ""success"": ""0""}",All 6000 rows in this group have success=0.
high,ablation,group_extreme_success_rate,ablation|full_depth6_branch4_risk-adjusted|opaque_dependency_l6|evaluation_unseen_zero_shot|131|72001||0|,ablation|full_depth6_branch4_risk-adjusted|opaque_dependency_l6|evaluation_seen|131|62004||199|,ablation|full_depth6_branch4_risk-adjusted|opaque_dependency_l6|evaluation_unseen_zero_shot|131|72002||1|,"{""errors"": ""0"", ""holdout_gain"": """", ""prediction_score"": ""0.0"", ""real_transitions"": ""6"", ""repeats"": ""0"", ""steps"": ""6"", ""success"": ""0""}",All 6000 rows in this group have success=0.
high,transfer,high_prediction_failed_episode,transfer|transfer_pretraining|opaque_dependency_l6|training|131|53001||16|,transfer|transfer_pretraining|opaque_dependency_l6|training|131|53008||15|,transfer|transfer_pretraining|opaque_dependency_l6|training|131|53002||17|,"{""errors"": ""0"", ""holdout_gain"": ""0.0"", ""prediction_score"": ""1.0"", ""real_transitions"": ""6"", ""repeats"": ""0"", ""steps"": ""6"", ""success"": ""0""}",Prediction score >= 0.8 while the episode failed.
high,transfer,high_prediction_failed_episode,transfer|transfer_pretraining|opaque_dependency_l6|training|131|53003||18|,transfer|transfer_pretraining|opaque_dependency_l6|training|131|53002||17|,transfer|transfer_pretraining|opaque_dependency_l6|training|131|53004||19|,"{""errors"": ""0"", ""holdout_gain"": ""0.0"", ""prediction_score"": ""0.8333333333333334"", ""real_transitions"": ""6"", ""repeats"": ""0"", ""steps"": ""6"", ""success"": ""0""}",Prediction score >= 0.8 while the episode failed.
high,transfer,high_prediction_failed_episode,transfer|transfer_pretraining|opaque_dependency_l6|training|131|53006||21|,transfer|transfer_pretraining|opaque_dependency_l6|training|131|53005||20|,transfer|transfer_pretraining|opaque_dependency_l6|training|131|53007||22|,"{""errors"": ""0"", ""holdout_gain"": ""0.0"", ""prediction_score"": ""0.8333333333333334"", ""real_transitions"": ""6"", ""repeats"": ""0"", ""steps"": ""6"", ""success"": ""0""}",Prediction score >= 0.8 while the episode failed.
high,transfer,high_prediction_failed_episode,transfer|transfer_pretraining|opaque_dependency_l6|training|131|53001||24|,transfer|transfer_pretraining|opaque_dependency_l6|training|131|53008||23|,transfer|transfer_pretraining|opaque_dependency_l6|training|131|53002||25|,"{""errors"": ""0"", ""holdout_gain"": ""0.0"", ""prediction_score"": ""0.8333333333333334"", ""real_transitions"": ""6"", ""repeats"": ""0"", ""steps"": ""6"", ""success"": ""0""}",Prediction score >= 0.8 while the episode failed.
high,transfer,high_prediction_failed_episode,transfer|transfer_pretraining|opaque_dependency_l6|training|131|53002||25|,transfer|transfer_pretraining|opaque_dependency_l6|training|131|53001||24|,transfer|transfer_pretraining|opaque_dependency_l6|training|131|53003||26|,"{""errors"": ""0"", ""holdout_gain"": ""0.0"", ""prediction_score"": ""0.8333333333333334"", ""real_transitions"": ""6"", ""repeats"": ""0"", ""steps"": ""6"", ""success"": ""0""}",Prediction score >= 0.8 while the episode failed.
high,transfer,high_prediction_failed_episode,transfer|transfer_pretraining|opaque_dependency_l6|training|131|53003||26|,transfer|transfer_pretraining|opaque_dependency_l6|training|131|53002||25|,transfer|transfer_pretraining|opaque_dependency_l6|training|131|53004||27|,"{""errors"": ""0"", ""holdout_gain"": ""0.0"", ""prediction_score"": ""1.0"", ""real_transitions"": ""6"", ""repeats"": ""0"", ""steps"": ""6"", ""success"": ""0""}",Prediction score >= 0.8 while the episode failed.
high,transfer,high_prediction_failed_episode,transfer|transfer_pretraining|opaque_dependency_l6|training|131|53004||27|,transfer|transfer_pretraining|opaque_dependency_l6|training|131|53003||26|,transfer|transfer_pretraining|opaque_dependency_l6|training|131|53005||28|,"{""errors"": ""0"", ""holdout_gain"": ""0.0"", ""prediction_score"": ""1.0"", ""real_transitions"": ""6"", ""repeats"": ""0"", ""steps"": ""6"", ""success"": ""0""}",Prediction score >= 0.8 while the episode failed.
high,transfer,high_prediction_failed_episode,transfer|transfer_pretraining|opaque_dependency_l6|training|131|53005||28|,transfer|transfer_pretraining|opaque_dependency_l6|training|131|53004||27|,transfer|transfer_pretraining|opaque_dependency_l6|training|131|53006||29|,"{""errors"": ""0"", ""holdout_gain"": ""0.0"", ""prediction_score"": ""0.8333333333333334"", ""real_transitions"": ""6"", ""repeats"": ""0"", ""steps"": ""6"", ""success"": ""0""}",Prediction score >= 0.8 while the episode failed.
high,transfer,high_prediction_failed_episode,transfer|transfer_pretraining|opaque_dependency_l6|training|131|53006||29|,transfer|transfer_pretraining|opaque_dependency_l6|training|131|53005||28|,transfer|transfer_pretraining|opaque_dependency_l6|training|131|53007||30|,"{""errors"": ""0"", ""holdout_gain"": ""0.0"", ""prediction_score"": ""1.0"", ""real_transitions"": ""6"", ""repeats"": ""0"", ""steps"": ""6"", ""success"": ""0""}",Prediction score >= 0.8 while the episode failed.
high,transfer,high_prediction_failed_episode,transfer|transfer_pretraining|opaque_dependency_l6|training|131|53007||30|,transfer|transfer_pretraining|opaque_dependency_l6|training|131|53006||29|,transfer|transfer_pretraining|opaque_dependency_l6|training|131|53008||31|,"{""errors"": ""0"", ""holdout_gain"": ""0.0"", ""prediction_score"": ""0.8333333333333334"", ""real_transitions"": ""6"", ""repeats"": ""0"", ""steps"": ""6"", ""success"": ""0""}",Prediction score >= 0.8 while the episode failed.
high,creativity,group_extreme_success_rate,creativity|random|multi_solution_dependency|training|131|54001||0|random_131_54001_0,,creativity|random|multi_solution_dependency|training|131|54002||1|random_131_54002_1,"{""errors"": ""0"", ""holdout_gain"": """", ""prediction_score"": """", ""real_transitions"": ""4"", ""repeats"": ""0"", ""steps"": ""4"", ""success"": ""1""}",All 15000 rows in this group have success=1.
high,creativity,group_extreme_success_rate,creativity|random|multi_solution_dependency|evaluation_unseen_adaptation|131|74001||500|random_131_74001_500,creativity|random|multi_solution_dependency|training|131|54008||499|random_131_54008_499,creativity|random|multi_solution_dependency|evaluation_unseen_adaptation|131|74002||501|random_131_74002_501,"{""errors"": ""0"", ""holdout_gain"": """", ""prediction_score"": """", ""real_transitions"": ""4"", ""repeats"": ""0"", ""steps"": ""4"", ""success"": ""1""}",All 90 rows in this group have success=1.
high,creativity,group_extreme_success_rate,creativity|q_learning|multi_solution_dependency|training|131|54001||0|q_learning_131_54001_0,creativity|random|multi_solution_dependency|evaluation_unseen_adaptation|131|74003||502|random_131_74003_502,creativity|q_learning|multi_solution_dependency|training|131|54002||1|q_learning_131_54002_1,"{""errors"": ""0"", ""holdout_gain"": """", ""prediction_score"": """", ""real_transitions"": ""4"", ""repeats"": ""0"", ""steps"": ""4"", ""success"": ""1""}",All 15000 rows in this group have success=1.
high,creativity,group_extreme_success_rate,creativity|q_learning|multi_solution_dependency|evaluation_unseen_adaptation|131|74001||500|q_learning_131_74001_500,creativity|q_learning|multi_solution_dependency|training|131|54008||499|q_learning_131_54008_499,creativity|q_learning|multi_solution_dependency|evaluation_unseen_adaptation|131|74002||501|q_learning_131_74002_501,"{""errors"": ""0"", ""holdout_gain"": """", ""prediction_score"": """", ""real_transitions"": ""3"", ""repeats"": ""0"", ""steps"": ""3"", ""success"": ""1""}",All 90 rows in this group have success=1.
high,creativity,group_extreme_success_rate,creativity|dqn|multi_solution_dependency|training|131|54001||0|dqn_131_54001_0,creativity|q_learning|multi_solution_dependency|evaluation_unseen_adaptation|131|74003||502|q_learning_131_74003_502,creativity|dqn|multi_solution_dependency|training|131|54002||1|dqn_131_54002_1,"{""errors"": ""0"", ""holdout_gain"": """", ""prediction_score"": """", ""real_transitions"": ""3"", ""repeats"": ""0"", ""steps"": ""3"", ""success"": ""1""}",All 15000 rows in this group have success=1.
high,creativity,group_extreme_success_rate,creativity|dqn|multi_solution_dependency|evaluation_unseen_adaptation|131|74001||500|dqn_131_74001_500,creativity|dqn|multi_solution_dependency|training|131|54008||499|dqn_131_54008_499,creativity|dqn|multi_solution_dependency|evaluation_unseen_adaptation|131|74002||501|dqn_131_74002_501,"{""errors"": ""0"", ""holdout_gain"": """", ""prediction_score"": """", ""real_transitions"": ""3"", ""repeats"": ""0"", ""steps"": ""3"", ""success"": ""1""}",All 90 rows in this group have success=1.
high,creativity,group_extreme_success_rate,creativity|novelty_search|multi_solution_dependency|training|131|54001||0|novelty_search_131_54001_0,creativity|dqn|multi_solution_dependency|evaluation_unseen_adaptation|131|74003||502|dqn_131_74003_502,creativity|novelty_search|multi_solution_dependency|training|131|54002||1|novelty_search_131_54002_1,"{""errors"": ""0"", ""holdout_gain"": """", ""prediction_score"": """", ""real_transitions"": ""4"", ""repeats"": ""0"", ""steps"": ""4"", ""success"": ""1""}",All 15000 rows in this group have success=1.
high,creativity,group_extreme_success_rate,creativity|novelty_search|multi_solution_dependency|evaluation_unseen_adaptation|131|74001||500|novelty_search_131_74001_500,creativity|novelty_search|multi_solution_dependency|training|131|54008||499|novelty_search_131_54008_499,creativity|novelty_search|multi_solution_dependency|evaluation_unseen_adaptation|131|74002||501|novelty_search_131_74002_501,"{""errors"": ""0"", ""holdout_gain"": """", ""prediction_score"": """", ""real_transitions"": ""3"", ""repeats"": ""0"", ""steps"": ""3"", ""success"": ""1""}",All 90 rows in this group have success=1.
high,creativity,group_extreme_success_rate,creativity|aassr_no_novelty|multi_solution_dependency|training|131|54001||0|aassr_no_novelty_131_54001_0,creativity|novelty_search|multi_solution_dependency|evaluation_unseen_adaptation|131|74003||502|novelty_search_131_74003_502,creativity|aassr_no_novelty|multi_solution_dependency|training|131|54002||1|aassr_no_novelty_131_54002_1,"{""errors"": ""0"", ""holdout_gain"": """", ""prediction_score"": """", ""real_transitions"": ""4"", ""repeats"": ""0"", ""steps"": ""4"", ""success"": ""1""}",All 15000 rows in this group have success=1.
high,creativity,group_extreme_success_rate,creativity|aassr_no_novelty|multi_solution_dependency|evaluation_unseen_adaptation|131|74001||500|aassr_no_novelty_131_74001_500,creativity|aassr_no_novelty|multi_solution_dependency|training|131|54008||499|aassr_no_novelty_131_54008_499,creativity|aassr_no_novelty|multi_solution_dependency|evaluation_unseen_adaptation|131|74002||501|aassr_no_novelty_131_74002_501,"{""errors"": ""0"", ""holdout_gain"": """", ""prediction_score"": """", ""real_transitions"": ""3"", ""repeats"": ""0"", ""steps"": ""3"", ""success"": ""1""}",All 90 rows in this group have success=1.
high,creativity,group_extreme_success_rate,creativity|aassr_no_imagination|multi_solution_dependency|training|131|54001||0|aassr_no_imagination_131_54001_0,creativity|aassr_no_novelty|multi_solution_dependency|evaluation_unseen_adaptation|131|74003||502|aassr_no_novelty_131_74003_502,creativity|aassr_no_imagination|multi_solution_dependency|training|131|54002||1|aassr_no_imagination_131_54002_1,"{""errors"": ""0"", ""holdout_gain"": """", ""prediction_score"": """", ""real_transitions"": ""4"", ""repeats"": ""0"", ""steps"": ""4"", ""success"": ""1""}",All 15000 rows in this group have success=1.
high,creativity,group_extreme_success_rate,creativity|aassr_no_imagination|multi_solution_dependency|evaluation_unseen_adaptation|131|74001||500|aassr_no_imagination_131_74001_500,creativity|aassr_no_imagination|multi_solution_dependency|training|131|54008||499|aassr_no_imagination_131_54008_499,creativity|aassr_no_imagination|multi_solution_dependency|evaluation_unseen_adaptation|131|74002||501|aassr_no_imagination_131_74002_501,"{""errors"": ""0"", ""holdout_gain"": """", ""prediction_score"": """", ""real_transitions"": ""3"", ""repeats"": ""0"", ""steps"": ""3"", ""success"": ""1""}",All 90 rows in this group have success=1.
high,creativity,group_extreme_success_rate,creativity|full_aassr|multi_solution_dependency|training|131|54001||0|full_aassr_131_54001_0,creativity|aassr_no_imagination|multi_solution_dependency|evaluation_unseen_adaptation|131|74003||502|aassr_no_imagination_131_74003_502,creativity|full_aassr|multi_solution_dependency|training|131|54002||1|full_aassr_131_54002_1,"{""errors"": ""0"", ""holdout_gain"": """", ""prediction_score"": """", ""real_transitions"": ""4"", ""repeats"": ""0"", ""steps"": ""4"", ""success"": ""1""}",All 15000 rows in this group have success=1.
high,creativity,group_extreme_success_rate,creativity|full_aassr|multi_solution_dependency|evaluation_unseen_adaptation|131|74001||500|full_aassr_131_74001_500,creativity|full_aassr|multi_solution_dependency|training|131|54008||499|full_aassr_131_54008_499,creativity|full_aassr|multi_solution_dependency|evaluation_unseen_adaptation|131|74002||501|full_aassr_131_74002_501,"{""errors"": ""0"", ""holdout_gain"": """", ""prediction_score"": """", ""real_transitions"": ""3"", ""repeats"": ""0"", ""steps"": ""3"", ""success"": ""1""}",All 90 rows in this group have success=1.
high,safe_application,group_extreme_success_rate,safe_application|safe_rule_agent|docker_local_assessment|evaluation_unseen_zero_shot|131|75001||0|,,safe_application|safe_rule_agent|docker_local_assessment|evaluation_unseen_zero_shot|131|75002||1|,"{""errors"": """", ""holdout_gain"": """", ""prediction_score"": """", ""real_transitions"": ""3"", ""repeats"": """", ""steps"": ""3"", ""success"": ""1""}",All 600 rows in this group have success=1.
