experiment,suite,condition,environment,model,phase,action_family,metric,seed_count,mean,sd,ci95_low,ci95_high,minimum,maximum
creativity,creativity,aassr_no_imagination,multi_solution_dependency,online,evaluation_unseen_adaptation,causal_effect_graph,success,30,1.0,0.0,1.0,1.0,1.0,1.0
creativity,creativity,aassr_no_imagination,multi_solution_dependency,online,evaluation_unseen_adaptation,causal_effect_graph,steps,30,3.3333333333333335,0.0,3.3333333333333335,3.3333333333333335,3.3333333333333335,3.3333333333333335
creativity,creativity,aassr_no_imagination,multi_solution_dependency,online,evaluation_unseen_adaptation,causal_effect_graph,high_level_steps,30,3.3333333333333335,0.0,3.3333333333333335,3.3333333333333335,3.3333333333333335,3.3333333333333335
creativity,creativity,aassr_no_imagination,multi_solution_dependency,online,evaluation_unseen_adaptation,causal_effect_graph,primitive_steps,30,3.3333333333333335,0.0,3.3333333333333335,3.3333333333333335,3.3333333333333335,3.3333333333333335
creativity,creativity,aassr_no_imagination,multi_solution_dependency,online,evaluation_unseen_adaptation,causal_effect_graph,reward,30,1.0,0.0,1.0,1.0,1.0,1.0
creativity,creativity,aassr_no_imagination,multi_solution_dependency,online,evaluation_unseen_adaptation,causal_effect_graph,errors,30,0.0,0.0,0.0,0.0,0.0,0.0
creativity,creativity,aassr_no_imagination,multi_solution_dependency,online,evaluation_unseen_adaptation,causal_effect_graph,repeats,30,0.0,0.0,0.0,0.0,0.0,0.0
creativity,creativity,aassr_no_imagination,multi_solution_dependency,online,evaluation_unseen_adaptation,causal_effect_graph,imagined_nodes,30,0.0,0.0,0.0,0.0,0.0,0.0
creativity,creativity,aassr_no_imagination,multi_solution_dependency,online,evaluation_unseen_adaptation,causal_effect_graph,actual_return,30,1.0,0.0,1.0,1.0,1.0,1.0
creativity,creativity,aassr_no_imagination,multi_solution_dependency,online,evaluation_unseen_adaptation,causal_effect_graph,runtime_seconds,30,0.00026419333395703387,1.1841864592201814e-05,0.0002602511121141207,0.00026859333382971167,0.00024843333327832323,0.00030499999411404133
creativity,creativity,aassr_no_imagination,multi_solution_dependency,online,evaluation_unseen_adaptation,causal_effect_graph,real_transitions,30,3.3333333333333335,0.0,3.3333333333333335,3.3333333333333335,3.3333333333333335,3.3333333333333335
creativity,creativity,aassr_no_imagination,multi_solution_dependency,online,evaluation_unseen_adaptation,causal_effect_graph,imagined_transitions,30,0.0,0.0,0.0,0.0,0.0,0.0
creativity,creativity,aassr_no_imagination,multi_solution_dependency,online,evaluation_unseen_adaptation,causal_effect_graph,action_proposals,30,3.3333333333333335,0.0,3.3333333333333335,3.3333333333333335,3.3333333333333335,3.3333333333333335
creativity,creativity,aassr_no_imagination,multi_solution_dependency,online,evaluation_unseen_adaptation,causal_effect_graph,novelty_score,30,1.0,0.0,1.0,1.0,1.0,1.0
creativity,creativity,aassr_no_imagination,multi_solution_dependency,online,evaluation_unseen_adaptation,causal_effect_graph,repeat_rate,30,0.0,0.0,0.0,0.0,0.0,0.0
creativity,creativity,aassr_no_imagination,multi_solution_dependency,online,evaluation_unseen_adaptation,causal_effect_graph,error_rate,30,0.0,0.0,0.0,0.0,0.0,0.0
creativity,creativity,aassr_no_imagination,multi_solution_dependency,online,training,causal_effect_graph,success,30,1.0,0.0,1.0,1.0,1.0,1.0
creativity,creativity,aassr_no_imagination,multi_solution_dependency,online,training,causal_effect_graph,steps,30,3.2882000000000002,0.04610437932673472,3.2714,3.3042666666666665,3.212,3.374
creativity,creativity,aassr_no_imagination,multi_solution_dependency,online,training,causal_effect_graph,high_level_steps,30,3.2882000000000002,0.04610437932673472,3.271733333333333,3.304333333333333,3.212,3.374
creativity,creativity,aassr_no_imagination,multi_solution_dependency,online,training,causal_effect_graph,primitive_steps,30,3.2882000000000002,0.04610437932673472,3.272066666666667,3.3046,3.212,3.374
creativity,creativity,aassr_no_imagination,multi_solution_dependency,online,training,causal_effect_graph,reward,30,1.0,0.0,1.0,1.0,1.0,1.0
creativity,creativity,aassr_no_imagination,multi_solution_dependency,online,training,causal_effect_graph,errors,30,0.0,0.0,0.0,0.0,0.0,0.0
creativity,creativity,aassr_no_imagination,multi_solution_dependency,online,training,causal_effect_graph,repeats,30,0.0,0.0,0.0,0.0,0.0,0.0
creativity,creativity,aassr_no_imagination,multi_solution_dependency,online,training,causal_effect_graph,imagined_nodes,30,0.0,0.0,0.0,0.0,0.0,0.0
creativity,creativity,aassr_no_imagination,multi_solution_dependency,online,training,causal_effect_graph,actual_return,30,1.0,0.0,1.0,1.0,1.0,1.0
creativity,creativity,aassr_no_imagination,multi_solution_dependency,online,training,causal_effect_graph,runtime_seconds,30,0.0007901786533824634,0.00023565683842821986,0.0007227195465820841,0.0008849810600300164,0.0006717434005113318,0.001792829800164327
creativity,creativity,aassr_no_imagination,multi_solution_dependency,online,training,causal_effect_graph,real_transitions,30,3.2882000000000002,0.04610437932673472,3.2723333333333335,3.304466666666667,3.212,3.374
creativity,creativity,aassr_no_imagination,multi_solution_dependency,online,training,causal_effect_graph,imagined_transitions,30,0.0,0.0,0.0,0.0,0.0,0.0
creativity,creativity,aassr_no_imagination,multi_solution_dependency,online,training,causal_effect_graph,action_proposals,30,3.2882000000000002,0.04610437932673472,3.2723333333333335,3.3040666666666665,3.212,3.374
creativity,creativity,aassr_no_imagination,multi_solution_dependency,online,training,causal_effect_graph,novelty_score,30,0.0,0.0,0.0,0.0,0.0,0.0
creativity,creativity,aassr_no_imagination,multi_solution_dependency,online,training,causal_effect_graph,repeat_rate,30,0.0,0.0,0.0,0.0,0.0,0.0
creativity,creativity,aassr_no_imagination,multi_solution_dependency,online,training,causal_effect_graph,error_rate,30,0.0,0.0,0.0,0.0,0.0,0.0
creativity,creativity,aassr_no_novelty,multi_solution_dependency,online,evaluation_unseen_adaptation,causal_effect_graph,success,30,1.0,0.0,1.0,1.0,1.0,1.0
creativity,creativity,aassr_no_novelty,multi_solution_dependency,online,evaluation_unseen_adaptation,causal_effect_graph,steps,30,3.3333333333333335,0.0,3.3333333333333335,3.3333333333333335,3.3333333333333335,3.3333333333333335
creativity,creativity,aassr_no_novelty,multi_solution_dependency,online,evaluation_unseen_adaptation,causal_effect_graph,high_level_steps,30,3.3333333333333335,0.0,3.3333333333333335,3.3333333333333335,3.3333333333333335,3.3333333333333335
creativity,creativity,aassr_no_novelty,multi_solution_dependency,online,evaluation_unseen_adaptation,causal_effect_graph,primitive_steps,30,3.3333333333333335,0.0,3.3333333333333335,3.3333333333333335,3.3333333333333335,3.3333333333333335
creativity,creativity,aassr_no_novelty,multi_solution_dependency,online,evaluation_unseen_adaptation,causal_effect_graph,reward,30,1.0,0.0,1.0,1.0,1.0,1.0
creativity,creativity,aassr_no_novelty,multi_solution_dependency,online,evaluation_unseen_adaptation,causal_effect_graph,errors,30,0.0,0.0,0.0,0.0,0.0,0.0
creativity,creativity,aassr_no_novelty,multi_solution_dependency,online,evaluation_unseen_adaptation,causal_effect_graph,repeats,30,0.0,0.0,0.0,0.0,0.0,0.0
creativity,creativity,aassr_no_novelty,multi_solution_dependency,online,evaluation_unseen_adaptation,causal_effect_graph,imagined_nodes,30,0.0,0.0,0.0,0.0,0.0,0.0
creativity,creativity,aassr_no_novelty,multi_solution_dependency,online,evaluation_unseen_adaptation,causal_effect_graph,actual_return,30,1.0,0.0,1.0,1.0,1.0,1.0
creativity,creativity,aassr_no_novelty,multi_solution_dependency,online,evaluation_unseen_adaptation,causal_effect_graph,runtime_seconds,30,0.00036804777822302035,4.8179261063042956e-05,0.0003538422231536565,0.0003862800021629988,0.00033836667231904965,0.0005670000003495564
creativity,creativity,aassr_no_novelty,multi_solution_dependency,online,evaluation_unseen_adaptation,causal_effect_graph,real_transitions,30,3.3333333333333335,0.0,3.3333333333333335,3.3333333333333335,3.3333333333333335,3.3333333333333335
creativity,creativity,aassr_no_novelty,multi_solution_dependency,online,evaluation_unseen_adaptation,causal_effect_graph,imagined_transitions,30,0.0,0.0,0.0,0.0,0.0,0.0
creativity,creativity,aassr_no_novelty,multi_solution_dependency,online,evaluation_unseen_adaptation,causal_effect_graph,action_proposals,30,3.3333333333333335,0.0,3.3333333333333335,3.3333333333333335,3.3333333333333335,3.3333333333333335
creativity,creativity,aassr_no_novelty,multi_solution_dependency,online,evaluation_unseen_adaptation,causal_effect_graph,novelty_score,30,1.0,0.0,1.0,1.0,1.0,1.0
creativity,creativity,aassr_no_novelty,multi_solution_dependency,online,evaluation_unseen_adaptation,causal_effect_graph,repeat_rate,30,0.0,0.0,0.0,0.0,0.0,0.0
creativity,creativity,aassr_no_novelty,multi_solution_dependency,online,evaluation_unseen_adaptation,causal_effect_graph,error_rate,30,0.0,0.0,0.0,0.0,0.0,0.0
creativity,creativity,aassr_no_novelty,multi_solution_dependency,online,training,causal_effect_graph,success,30,1.0,0.0,1.0,1.0,1.0,1.0
creativity,creativity,aassr_no_novelty,multi_solution_dependency,online,training,causal_effect_graph,steps,30,3.2329999999999997,0.03958317301842912,3.219266666666667,3.2472,3.174,3.31
creativity,creativity,aassr_no_novelty,multi_solution_dependency,online,training,causal_effect_graph,high_level_steps,30,3.2329999999999997,0.03958317301842912,3.218933333333333,3.2469333333333332,3.174,3.31
creativity,creativity,aassr_no_novelty,multi_solution_dependency,online,training,causal_effect_graph,primitive_steps,30,3.2329999999999997,0.03958317301842912,3.219533333333333,3.2467333333333332,3.174,3.31
creativity,creativity,aassr_no_novelty,multi_solution_dependency,online,training,causal_effect_graph,reward,30,1.0,0.0,1.0,1.0,1.0,1.0
creativity,creativity,aassr_no_novelty,multi_solution_dependency,online,training,causal_effect_graph,errors,30,0.0,0.0,0.0,0.0,0.0,0.0
creativity,creativity,aassr_no_novelty,multi_solution_dependency,online,training,causal_effect_graph,repeats,30,0.0,0.0,0.0,0.0,0.0,0.0
creativity,creativity,aassr_no_novelty,multi_solution_dependency,online,training,causal_effect_graph,imagined_nodes,30,2.7318000000000002,0.2973006605418506,2.6284,2.8363333333333336,1.942,3.354
creativity,creativity,aassr_no_novelty,multi_solution_dependency,online,training,causal_effect_graph,actual_return,30,1.0,0.0,1.0,1.0,1.0,1.0
creativity,creativity,aassr_no_novelty,multi_solution_dependency,online,training,causal_effect_graph,runtime_seconds,30,0.0005295317135363196,0.00024029645708138628,0.00046397763342247346,0.0006266436736196435,0.0004292620004853234,0.0014966088008368389
creativity,creativity,aassr_no_novelty,multi_solution_dependency,online,training,causal_effect_graph,real_transitions,30,3.2329999999999997,0.03958317301842912,3.219533333333333,3.2468,3.174,3.31
creativity,creativity,aassr_no_novelty,multi_solution_dependency,online,training,causal_effect_graph,imagined_transitions,30,2.7318000000000002,0.2973006605418506,2.6236,2.8360666666666665,1.942,3.354
creativity,creativity,aassr_no_novelty,multi_solution_dependency,online,training,causal_effect_graph,action_proposals,30,3.2329999999999997,0.03958317301842912,3.219133333333333,3.2477333333333336,3.174,3.31
creativity,creativity,aassr_no_novelty,multi_solution_dependency,online,training,causal_effect_graph,novelty_score,30,0.0,0.0,0.0,0.0,0.0,0.0
creativity,creativity,aassr_no_novelty,multi_solution_dependency,online,training,causal_effect_graph,repeat_rate,30,0.0,0.0,0.0,0.0,0.0,0.0
creativity,creativity,aassr_no_novelty,multi_solution_dependency,online,training,causal_effect_graph,error_rate,30,0.0,0.0,0.0,0.0,0.0,0.0
creativity,creativity,dqn,multi_solution_dependency,online,evaluation_unseen_adaptation,causal_effect_graph,success,30,1.0,0.0,1.0,1.0,1.0,1.0
creativity,creativity,dqn,multi_solution_dependency,online,evaluation_unseen_adaptation,causal_effect_graph,steps,30,3.1,0.5040069329937309,2.9222222222222225,3.2777777777777777,2.0,4.0
creativity,creativity,dqn,multi_solution_dependency,online,evaluation_unseen_adaptation,causal_effect_graph,high_level_steps,30,3.1,0.5040069329937309,2.9222222222222225,3.2777777777777777,2.0,4.0
creativity,creativity,dqn,multi_solution_dependency,online,evaluation_unseen_adaptation,causal_effect_graph,primitive_steps,30,3.1,0.5040069329937309,2.9222222222222225,3.2777777777777777,2.0,4.0
creativity,creativity,dqn,multi_solution_dependency,online,evaluation_unseen_adaptation,causal_effect_graph,reward,30,1.0,0.0,1.0,1.0,1.0,1.0
creativity,creativity,dqn,multi_solution_dependency,online,evaluation_unseen_adaptation,causal_effect_graph,errors,30,0.0,0.0,0.0,0.0,0.0,0.0
creativity,creativity,dqn,multi_solution_dependency,online,evaluation_unseen_adaptation,causal_effect_graph,repeats,30,0.0,0.0,0.0,0.0,0.0,0.0
creativity,creativity,dqn,multi_solution_dependency,online,evaluation_unseen_adaptation,causal_effect_graph,imagined_nodes,30,0.0,0.0,0.0,0.0,0.0,0.0
creativity,creativity,dqn,multi_solution_dependency,online,evaluation_unseen_adaptation,causal_effect_graph,actual_return,30,1.0,0.0,1.0,1.0,1.0,1.0
creativity,creativity,dqn,multi_solution_dependency,online,evaluation_unseen_adaptation,causal_effect_graph,runtime_seconds,30,0.0023197322230165203,0.0004118089559114581,0.002175390002149571,0.002463642224837612,0.0014099999971222132,0.0031383333262056112
creativity,creativity,dqn,multi_solution_dependency,online,evaluation_unseen_adaptation,causal_effect_graph,real_transitions,30,3.1,0.5040069329937309,2.9222222222222225,3.2666666666666666,2.0,4.0
creativity,creativity,dqn,multi_solution_dependency,online,evaluation_unseen_adaptation,causal_effect_graph,imagined_transitions,30,0.0,0.0,0.0,0.0,0.0,0.0
creativity,creativity,dqn,multi_solution_dependency,online,evaluation_unseen_adaptation,causal_effect_graph,action_proposals,30,3.1,0.5040069329937309,2.9222222222222225,3.2777777777777777,2.0,4.0
creativity,creativity,dqn,multi_solution_dependency,online,evaluation_unseen_adaptation,causal_effect_graph,novelty_score,30,1.0,0.0,1.0,1.0,1.0,1.0
creativity,creativity,dqn,multi_solution_dependency,online,evaluation_unseen_adaptation,causal_effect_graph,repeat_rate,30,0.0,0.0,0.0,0.0,0.0,0.0
creativity,creativity,dqn,multi_solution_dependency,online,evaluation_unseen_adaptation,causal_effect_graph,error_rate,30,0.0,0.0,0.0,0.0,0.0,0.0
creativity,creativity,dqn,multi_solution_dependency,online,training,causal_effect_graph,success,30,1.0,0.0,1.0,1.0,1.0,1.0
creativity,creativity,dqn,multi_solution_dependency,online,training,causal_effect_graph,steps,30,3.1686666666666667,0.043366388807011824,3.1534,3.1839333333333335,3.082,3.272
creativity,creativity,dqn,multi_solution_dependency,online,training,causal_effect_graph,high_level_steps,30,3.1686666666666667,0.043366388807011824,3.1532666666666667,3.1843999999999997,3.082,3.272
creativity,creativity,dqn,multi_solution_dependency,online,training,causal_effect_graph,primitive_steps,30,3.1686666666666667,0.043366388807011824,3.1536666666666666,3.1835333333333335,3.082,3.272
creativity,creativity,dqn,multi_solution_dependency,online,training,causal_effect_graph,reward,30,1.0,0.0,1.0,1.0,1.0,1.0
creativity,creativity,dqn,multi_solution_dependency,online,training,causal_effect_graph,errors,30,0.0,0.0,0.0,0.0,0.0,0.0
creativity,creativity,dqn,multi_solution_dependency,online,training,causal_effect_graph,repeats,30,0.0,0.0,0.0,0.0,0.0,0.0
creativity,creativity,dqn,multi_solution_dependency,online,training,causal_effect_graph,imagined_nodes,30,0.0,0.0,0.0,0.0,0.0,0.0
creativity,creativity,dqn,multi_solution_dependency,online,training,causal_effect_graph,actual_return,30,1.0,0.0,1.0,1.0,1.0,1.0
creativity,creativity,dqn,multi_solution_dependency,online,training,causal_effect_graph,runtime_seconds,30,0.004751280633350447,0.00022074758344226036,0.004678881966621459,0.004835380153350222,0.004341952799702994,0.005597294799576048
creativity,creativity,dqn,multi_solution_dependency,online,training,causal_effect_graph,real_transitions,30,3.1686666666666667,0.043366388807011824,3.1536666666666666,3.1839999999999997,3.082,3.272
creativity,creativity,dqn,multi_solution_dependency,online,training,causal_effect_graph,imagined_transitions,30,0.0,0.0,0.0,0.0,0.0,0.0
creativity,creativity,dqn,multi_solution_dependency,online,training,causal_effect_graph,action_proposals,30,3.1686666666666667,0.043366388807011824,3.1536,3.185,3.082,3.272
creativity,creativity,dqn,multi_solution_dependency,online,training,causal_effect_graph,novelty_score,30,0.0,0.0,0.0,0.0,0.0,0.0
creativity,creativity,dqn,multi_solution_dependency,online,training,causal_effect_graph,repeat_rate,30,0.0,0.0,0.0,0.0,0.0,0.0
creativity,creativity,dqn,multi_solution_dependency,online,training,causal_effect_graph,error_rate,30,0.0,0.0,0.0,0.0,0.0,0.0
creativity,creativity,full_aassr,multi_solution_dependency,online,evaluation_unseen_adaptation,causal_effect_graph,success,30,1.0,0.0,1.0,1.0,1.0,1.0
creativity,creativity,full_aassr,multi_solution_dependency,online,evaluation_unseen_adaptation,causal_effect_graph,steps,30,3.3333333333333335,0.0,3.3333333333333335,3.3333333333333335,3.3333333333333335,3.3333333333333335
creativity,creativity,full_aassr,multi_solution_dependency,online,evaluation_unseen_adaptation,causal_effect_graph,high_level_steps,30,3.3333333333333335,0.0,3.3333333333333335,3.3333333333333335,3.3333333333333335,3.3333333333333335
creativity,creativity,full_aassr,multi_solution_dependency,online,evaluation_unseen_adaptation,causal_effect_graph,primitive_steps,30,3.3333333333333335,0.0,3.3333333333333335,3.3333333333333335,3.3333333333333335,3.3333333333333335
creativity,creativity,full_aassr,multi_solution_dependency,online,evaluation_unseen_adaptation,causal_effect_graph,reward,30,1.0,0.0,1.0,1.0,1.0,1.0
creativity,creativity,full_aassr,multi_solution_dependency,online,evaluation_unseen_adaptation,causal_effect_graph,errors,30,0.0,0.0,0.0,0.0,0.0,0.0
creativity,creativity,full_aassr,multi_solution_dependency,online,evaluation_unseen_adaptation,causal_effect_graph,repeats,30,0.0,0.0,0.0,0.0,0.0,0.0
creativity,creativity,full_aassr,multi_solution_dependency,online,evaluation_unseen_adaptation,causal_effect_graph,imagined_nodes,30,0.0,0.0,0.0,0.0,0.0,0.0
creativity,creativity,full_aassr,multi_solution_dependency,online,evaluation_unseen_adaptation,causal_effect_graph,actual_return,30,1.0,0.0,1.0,1.0,1.0,1.0
creativity,creativity,full_aassr,multi_solution_dependency,online,evaluation_unseen_adaptation,causal_effect_graph,runtime_seconds,30,0.00036673000108243694,1.9018695202906306e-05,0.0003604255555223467,0.0003734422236448154,0.0003405333263799548,0.0004257666684376697
creativity,creativity,full_aassr,multi_solution_dependency,online,evaluation_unseen_adaptation,causal_effect_graph,real_transitions,30,3.3333333333333335,0.0,3.3333333333333335,3.3333333333333335,3.3333333333333335,3.3333333333333335
creativity,creativity,full_aassr,multi_solution_dependency,online,evaluation_unseen_adaptation,causal_effect_graph,imagined_transitions,30,0.0,0.0,0.0,0.0,0.0,0.0
creativity,creativity,full_aassr,multi_solution_dependency,online,evaluation_unseen_adaptation,causal_effect_graph,action_proposals,30,3.3333333333333335,0.0,3.3333333333333335,3.3333333333333335,3.3333333333333335,3.3333333333333335
creativity,creativity,full_aassr,multi_solution_dependency,online,evaluation_unseen_adaptation,causal_effect_graph,novelty_score,30,1.0,0.0,1.0,1.0,1.0,1.0
creativity,creativity,full_aassr,multi_solution_dependency,online,evaluation_unseen_adaptation,causal_effect_graph,repeat_rate,30,0.0,0.0,0.0,0.0,0.0,0.0
creativity,creativity,full_aassr,multi_solution_dependency,online,evaluation_unseen_adaptation,causal_effect_graph,error_rate,30,0.0,0.0,0.0,0.0,0.0,0.0
creativity,creativity,full_aassr,multi_solution_dependency,online,training,causal_effect_graph,success,30,1.0,0.0,1.0,1.0,1.0,1.0
creativity,creativity,full_aassr,multi_solution_dependency,online,training,causal_effect_graph,steps,30,3.2334666666666667,0.04601329143308208,3.2168,3.2498666666666667,3.128,3.31
creativity,creativity,full_aassr,multi_solution_dependency,online,training,causal_effect_graph,high_level_steps,30,3.2334666666666667,0.04601329143308208,3.2173333333333334,3.2489333333333335,3.128,3.31
creativity,creativity,full_aassr,multi_solution_dependency,online,training,causal_effect_graph,primitive_steps,30,3.2334666666666667,0.04601329143308208,3.2171333333333334,3.249,3.128,3.31
creativity,creativity,full_aassr,multi_solution_dependency,online,training,causal_effect_graph,reward,30,1.0,0.0,1.0,1.0,1.0,1.0
creativity,creativity,full_aassr,multi_solution_dependency,online,training,causal_effect_graph,errors,30,0.0,0.0,0.0,0.0,0.0,0.0
creativity,creativity,full_aassr,multi_solution_dependency,online,training,causal_effect_graph,repeats,30,0.0,0.0,0.0,0.0,0.0,0.0
creativity,creativity,full_aassr,multi_solution_dependency,online,training,causal_effect_graph,imagined_nodes,30,2.727933333333333,0.32452808531915933,2.6172,2.8463333333333334,1.97,3.35
creativity,creativity,full_aassr,multi_solution_dependency,online,training,causal_effect_graph,actual_return,30,1.0,0.0,1.0,1.0,1.0,1.0
creativity,creativity,full_aassr,multi_solution_dependency,online,training,causal_effect_graph,runtime_seconds,30,0.000902374193262464,0.00031845791591655735,0.0008333092933675895,0.0010256372198210253,0.0007877638000645675,0.0025741581989568657
creativity,creativity,full_aassr,multi_solution_dependency,online,training,causal_effect_graph,real_transitions,30,3.2334666666666667,0.04601329143308208,3.217,3.2496,3.128,3.31
creativity,creativity,full_aassr,multi_solution_dependency,online,training,causal_effect_graph,imagined_transitions,30,2.727933333333333,0.32452808531915933,2.6094,2.8429999999999995,1.97,3.35
creativity,creativity,full_aassr,multi_solution_dependency,online,training,causal_effect_graph,action_proposals,30,3.2334666666666667,0.04601329143308208,3.2174666666666667,3.2501333333333333,3.128,3.31
creativity,creativity,full_aassr,multi_solution_dependency,online,training,causal_effect_graph,novelty_score,30,0.0,0.0,0.0,0.0,0.0,0.0
creativity,creativity,full_aassr,multi_solution_dependency,online,training,causal_effect_graph,repeat_rate,30,0.0,0.0,0.0,0.0,0.0,0.0
creativity,creativity,full_aassr,multi_solution_dependency,online,training,causal_effect_graph,error_rate,30,0.0,0.0,0.0,0.0,0.0,0.0
creativity,creativity,novelty_search,multi_solution_dependency,online,evaluation_unseen_adaptation,causal_effect_graph,success,30,1.0,0.0,1.0,1.0,1.0,1.0
creativity,creativity,novelty_search,multi_solution_dependency,online,evaluation_unseen_adaptation,causal_effect_graph,steps,30,3.3333333333333335,0.0,3.3333333333333335,3.3333333333333335,3.3333333333333335,3.3333333333333335
creativity,creativity,novelty_search,multi_solution_dependency,online,evaluation_unseen_adaptation,causal_effect_graph,high_level_steps,30,3.3333333333333335,0.0,3.3333333333333335,3.3333333333333335,3.3333333333333335,3.3333333333333335
creativity,creativity,novelty_search,multi_solution_dependency,online,evaluation_unseen_adaptation,causal_effect_graph,primitive_steps,30,3.3333333333333335,0.0,3.3333333333333335,3.3333333333333335,3.3333333333333335,3.3333333333333335
creativity,creativity,novelty_search,multi_solution_dependency,online,evaluation_unseen_adaptation,causal_effect_graph,reward,30,1.0,0.0,1.0,1.0,1.0,1.0
creativity,creativity,novelty_search,multi_solution_dependency,online,evaluation_unseen_adaptation,causal_effect_graph,errors,30,0.0,0.0,0.0,0.0,0.0,0.0
creativity,creativity,novelty_search,multi_solution_dependency,online,evaluation_unseen_adaptation,causal_effect_graph,repeats,30,0.0,0.0,0.0,0.0,0.0,0.0
creativity,creativity,novelty_search,multi_solution_dependency,online,evaluation_unseen_adaptation,causal_effect_graph,imagined_nodes,30,0.0,0.0,0.0,0.0,0.0,0.0
creativity,creativity,novelty_search,multi_solution_dependency,online,evaluation_unseen_adaptation,causal_effect_graph,actual_return,30,1.0,0.0,1.0,1.0,1.0,1.0
creativity,creativity,novelty_search,multi_solution_dependency,online,evaluation_unseen_adaptation,causal_effect_graph,runtime_seconds,30,0.00025770111080621267,1.65778031097685e-05,0.0002523455548928016,0.00026410666727719623,0.00023939999906967083,0.00032356666633859277
creativity,creativity,novelty_search,multi_solution_dependency,online,evaluation_unseen_adaptation,causal_effect_graph,real_transitions,30,3.3333333333333335,0.0,3.3333333333333335,3.3333333333333335,3.3333333333333335,3.3333333333333335
creativity,creativity,novelty_search,multi_solution_dependency,online,evaluation_unseen_adaptation,causal_effect_graph,imagined_transitions,30,0.0,0.0,0.0,0.0,0.0,0.0
creativity,creativity,novelty_search,multi_solution_dependency,online,evaluation_unseen_adaptation,causal_effect_graph,action_proposals,30,3.3333333333333335,0.0,3.3333333333333335,3.3333333333333335,3.3333333333333335,3.3333333333333335
creativity,creativity,novelty_search,multi_solution_dependency,online,evaluation_unseen_adaptation,causal_effect_graph,novelty_score,30,1.0,0.0,1.0,1.0,1.0,1.0
creativity,creativity,novelty_search,multi_solution_dependency,online,evaluation_unseen_adaptation,causal_effect_graph,repeat_rate,30,0.0,0.0,0.0,0.0,0.0,0.0
creativity,creativity,novelty_search,multi_solution_dependency,online,evaluation_unseen_adaptation,causal_effect_graph,error_rate,30,0.0,0.0,0.0,0.0,0.0,0.0
creativity,creativity,novelty_search,multi_solution_dependency,online,training,causal_effect_graph,success,30,1.0,0.0,1.0,1.0,1.0,1.0
creativity,creativity,novelty_search,multi_solution_dependency,online,training,causal_effect_graph,steps,30,3.155533333333333,0.033809540923698825,3.143733333333333,3.167533333333333,3.08,3.21
creativity,creativity,novelty_search,multi_solution_dependency,online,training,causal_effect_graph,high_level_steps,30,3.155533333333333,0.033809540923698825,3.143466666666667,3.167466666666667,3.08,3.21
creativity,creativity,novelty_search,multi_solution_dependency,online,training,causal_effect_graph,primitive_steps,30,3.155533333333333,0.033809540923698825,3.1436,3.167866666666667,3.08,3.21
creativity,creativity,novelty_search,multi_solution_dependency,online,training,causal_effect_graph,reward,30,1.0,0.0,1.0,1.0,1.0,1.0
creativity,creativity,novelty_search,multi_solution_dependency,online,training,causal_effect_graph,errors,30,0.0,0.0,0.0,0.0,0.0,0.0
creativity,creativity,novelty_search,multi_solution_dependency,online,training,causal_effect_graph,repeats,30,0.0,0.0,0.0,0.0,0.0,0.0
creativity,creativity,novelty_search,multi_solution_dependency,online,training,causal_effect_graph,imagined_nodes,30,0.0,0.0,0.0,0.0,0.0,0.0
creativity,creativity,novelty_search,multi_solution_dependency,online,training,causal_effect_graph,actual_return,30,1.0,0.0,1.0,1.0,1.0,1.0
creativity,creativity,novelty_search,multi_solution_dependency,online,training,causal_effect_graph,runtime_seconds,30,0.00039507751999772156,0.0003354455748401538,0.00029524398669794513,0.0005298785666779925,0.00026172899984521793,0.0017866687999339775
creativity,creativity,novelty_search,multi_solution_dependency,online,training,causal_effect_graph,real_transitions,30,3.155533333333333,0.033809540923698825,3.143533333333333,3.1670000000000003,3.08,3.21
creativity,creativity,novelty_search,multi_solution_dependency,online,training,causal_effect_graph,imagined_transitions,30,0.0,0.0,0.0,0.0,0.0,0.0
creativity,creativity,novelty_search,multi_solution_dependency,online,training,causal_effect_graph,action_proposals,30,3.155533333333333,0.033809540923698825,3.1438,3.166933333333333,3.08,3.21
creativity,creativity,novelty_search,multi_solution_dependency,online,training,causal_effect_graph,novelty_score,30,0.0,0.0,0.0,0.0,0.0,0.0
creativity,creativity,novelty_search,multi_solution_dependency,online,training,causal_effect_graph,repeat_rate,30,0.0,0.0,0.0,0.0,0.0,0.0
creativity,creativity,novelty_search,multi_solution_dependency,online,training,causal_effect_graph,error_rate,30,0.0,0.0,0.0,0.0,0.0,0.0
creativity,creativity,q_learning,multi_solution_dependency,online,evaluation_unseen_adaptation,causal_effect_graph,success,30,1.0,0.0,1.0,1.0,1.0,1.0
creativity,creativity,q_learning,multi_solution_dependency,online,evaluation_unseen_adaptation,causal_effect_graph,steps,30,3.3333333333333335,0.0,3.3333333333333335,3.3333333333333335,3.3333333333333335,3.3333333333333335
creativity,creativity,q_learning,multi_solution_dependency,online,evaluation_unseen_adaptation,causal_effect_graph,high_level_steps,30,3.3333333333333335,0.0,3.3333333333333335,3.3333333333333335,3.3333333333333335,3.3333333333333335
creativity,creativity,q_learning,multi_solution_dependency,online,evaluation_unseen_adaptation,causal_effect_graph,primitive_steps,30,3.3333333333333335,0.0,3.3333333333333335,3.3333333333333335,3.3333333333333335,3.3333333333333335
creativity,creativity,q_learning,multi_solution_dependency,online,evaluation_unseen_adaptation,causal_effect_graph,reward,30,1.0,0.0,1.0,1.0,1.0,1.0
creativity,creativity,q_learning,multi_solution_dependency,online,evaluation_unseen_adaptation,causal_effect_graph,errors,30,0.0,0.0,0.0,0.0,0.0,0.0
creativity,creativity,q_learning,multi_solution_dependency,online,evaluation_unseen_adaptation,causal_effect_graph,repeats,30,0.0,0.0,0.0,0.0,0.0,0.0
creativity,creativity,q_learning,multi_solution_dependency,online,evaluation_unseen_adaptation,causal_effect_graph,imagined_nodes,30,0.0,0.0,0.0,0.0,0.0,0.0
creativity,creativity,q_learning,multi_solution_dependency,online,evaluation_unseen_adaptation,causal_effect_graph,actual_return,30,1.0,0.0,1.0,1.0,1.0,1.0
creativity,creativity,q_learning,multi_solution_dependency,online,evaluation_unseen_adaptation,causal_effect_graph,runtime_seconds,30,0.0001791855556398837,9.950346285073808e-06,0.0001760744450924297,0.0001828411125138195,0.00016800000836762288,0.0002175999979954213
creativity,creativity,q_learning,multi_solution_dependency,online,evaluation_unseen_adaptation,causal_effect_graph,real_transitions,30,3.3333333333333335,0.0,3.3333333333333335,3.3333333333333335,3.3333333333333335,3.3333333333333335
creativity,creativity,q_learning,multi_solution_dependency,online,evaluation_unseen_adaptation,causal_effect_graph,imagined_transitions,30,0.0,0.0,0.0,0.0,0.0,0.0
creativity,creativity,q_learning,multi_solution_dependency,online,evaluation_unseen_adaptation,causal_effect_graph,action_proposals,30,3.3333333333333335,0.0,3.3333333333333335,3.3333333333333335,3.3333333333333335,3.3333333333333335
creativity,creativity,q_learning,multi_solution_dependency,online,evaluation_unseen_adaptation,causal_effect_graph,novelty_score,30,1.0,0.0,1.0,1.0,1.0,1.0
creativity,creativity,q_learning,multi_solution_dependency,online,evaluation_unseen_adaptation,causal_effect_graph,repeat_rate,30,0.0,0.0,0.0,0.0,0.0,0.0
creativity,creativity,q_learning,multi_solution_dependency,online,evaluation_unseen_adaptation,causal_effect_graph,error_rate,30,0.0,0.0,0.0,0.0,0.0,0.0
creativity,creativity,q_learning,multi_solution_dependency,online,training,causal_effect_graph,success,30,1.0,0.0,1.0,1.0,1.0,1.0
creativity,creativity,q_learning,multi_solution_dependency,online,training,causal_effect_graph,steps,30,3.0167333333333333,0.041901307142258495,3.0014,3.0311333333333335,2.93,3.084
creativity,creativity,q_learning,multi_solution_dependency,online,training,causal_effect_graph,high_level_steps,30,3.0167333333333333,0.041901307142258495,3.0018000000000002,3.0315333333333334,2.93,3.084
creativity,creativity,q_learning,multi_solution_dependency,online,training,causal_effect_graph,primitive_steps,30,3.0167333333333333,0.041901307142258495,3.0012,3.030733333333333,2.93,3.084
creativity,creativity,q_learning,multi_solution_dependency,online,training,causal_effect_graph,reward,30,1.0,0.0,1.0,1.0,1.0,1.0
creativity,creativity,q_learning,multi_solution_dependency,online,training,causal_effect_graph,errors,30,0.0,0.0,0.0,0.0,0.0,0.0
creativity,creativity,q_learning,multi_solution_dependency,online,training,causal_effect_graph,repeats,30,0.0,0.0,0.0,0.0,0.0,0.0
creativity,creativity,q_learning,multi_solution_dependency,online,training,causal_effect_graph,imagined_nodes,30,0.0,0.0,0.0,0.0,0.0,0.0
creativity,creativity,q_learning,multi_solution_dependency,online,training,causal_effect_graph,actual_return,30,1.0,0.0,1.0,1.0,1.0,1.0
creativity,creativity,q_learning,multi_solution_dependency,online,training,causal_effect_graph,runtime_seconds,30,0.0002521846600070906,0.0003885633017467473,0.00017863722660501176,0.000395785293407971,0.0001683495991746895,0.0023087729999097064
creativity,creativity,q_learning,multi_solution_dependency,online,training,causal_effect_graph,real_transitions,30,3.0167333333333333,0.041901307142258495,3.0019333333333336,3.030466666666667,2.93,3.084
creativity,creativity,q_learning,multi_solution_dependency,online,training,causal_effect_graph,imagined_transitions,30,0.0,0.0,0.0,0.0,0.0,0.0
creativity,creativity,q_learning,multi_solution_dependency,online,training,causal_effect_graph,action_proposals,30,3.0167333333333333,0.041901307142258495,3.0015333333333336,3.030733333333333,2.93,3.084
creativity,creativity,q_learning,multi_solution_dependency,online,training,causal_effect_graph,novelty_score,30,0.0,0.0,0.0,0.0,0.0,0.0
creativity,creativity,q_learning,multi_solution_dependency,online,training,causal_effect_graph,repeat_rate,30,0.0,0.0,0.0,0.0,0.0,0.0
creativity,creativity,q_learning,multi_solution_dependency,online,training,causal_effect_graph,error_rate,30,0.0,0.0,0.0,0.0,0.0,0.0
creativity,creativity,random,multi_solution_dependency,online,evaluation_unseen_adaptation,causal_effect_graph,success,30,1.0,0.0,1.0,1.0,1.0,1.0
creativity,creativity,random,multi_solution_dependency,online,evaluation_unseen_adaptation,causal_effect_graph,steps,30,3.1222222222222222,0.4753166585823875,2.9555555555555557,3.288888888888889,2.3333333333333335,4.0
creativity,creativity,random,multi_solution_dependency,online,evaluation_unseen_adaptation,causal_effect_graph,high_level_steps,30,3.1222222222222222,0.4753166585823875,2.9555555555555557,3.288888888888889,2.3333333333333335,4.0
creativity,creativity,random,multi_solution_dependency,online,evaluation_unseen_adaptation,causal_effect_graph,primitive_steps,30,3.1222222222222222,0.4753166585823875,2.9555555555555557,3.288888888888889,2.3333333333333335,4.0
creativity,creativity,random,multi_solution_dependency,online,evaluation_unseen_adaptation,causal_effect_graph,reward,30,1.0,0.0,1.0,1.0,1.0,1.0
creativity,creativity,random,multi_solution_dependency,online,evaluation_unseen_adaptation,causal_effect_graph,errors,30,0.0,0.0,0.0,0.0,0.0,0.0
creativity,creativity,random,multi_solution_dependency,online,evaluation_unseen_adaptation,causal_effect_graph,repeats,30,0.0,0.0,0.0,0.0,0.0,0.0
creativity,creativity,random,multi_solution_dependency,online,evaluation_unseen_adaptation,causal_effect_graph,imagined_nodes,30,0.0,0.0,0.0,0.0,0.0,0.0
creativity,creativity,random,multi_solution_dependency,online,evaluation_unseen_adaptation,causal_effect_graph,actual_return,30,1.0,0.0,1.0,1.0,1.0,1.0
creativity,creativity,random,multi_solution_dependency,online,evaluation_unseen_adaptation,causal_effect_graph,runtime_seconds,30,0.00015718555692324622,3.066540007511821e-05,0.00014623333311950166,0.00016818222389297768,0.00010976666817441583,0.0002310666701911638
creativity,creativity,random,multi_solution_dependency,online,evaluation_unseen_adaptation,causal_effect_graph,real_transitions,30,3.1222222222222222,0.4753166585823875,2.966666666666667,3.288888888888889,2.3333333333333335,4.0
creativity,creativity,random,multi_solution_dependency,online,evaluation_unseen_adaptation,causal_effect_graph,imagined_transitions,30,0.0,0.0,0.0,0.0,0.0,0.0
creativity,creativity,random,multi_solution_dependency,online,evaluation_unseen_adaptation,causal_effect_graph,action_proposals,30,3.1222222222222222,0.4753166585823875,2.9555555555555557,3.288888888888889,2.3333333333333335,4.0
creativity,creativity,random,multi_solution_dependency,online,evaluation_unseen_adaptation,causal_effect_graph,novelty_score,30,1.0,0.0,1.0,1.0,1.0,1.0
creativity,creativity,random,multi_solution_dependency,online,evaluation_unseen_adaptation,causal_effect_graph,repeat_rate,30,0.0,0.0,0.0,0.0,0.0,0.0
creativity,creativity,random,multi_solution_dependency,online,evaluation_unseen_adaptation,causal_effect_graph,error_rate,30,0.0,0.0,0.0,0.0,0.0,0.0
creativity,creativity,random,multi_solution_dependency,online,training,causal_effect_graph,success,30,1.0,0.0,1.0,1.0,1.0,1.0
creativity,creativity,random,multi_solution_dependency,online,training,causal_effect_graph,steps,30,3.192533333333333,0.05048163430693238,3.1739333333333333,3.2097333333333333,3.066,3.264
creativity,creativity,random,multi_solution_dependency,online,training,causal_effect_graph,high_level_steps,30,3.192533333333333,0.05048163430693238,3.174266666666667,3.2096,3.066,3.264
creativity,creativity,random,multi_solution_dependency,online,training,causal_effect_graph,primitive_steps,30,3.192533333333333,0.05048163430693238,3.1742666666666666,3.2089333333333334,3.066,3.264
creativity,creativity,random,multi_solution_dependency,online,training,causal_effect_graph,reward,30,1.0,0.0,1.0,1.0,1.0,1.0
creativity,creativity,random,multi_solution_dependency,online,training,causal_effect_graph,errors,30,0.0,0.0,0.0,0.0,0.0,0.0
creativity,creativity,random,multi_solution_dependency,online,training,causal_effect_graph,repeats,30,0.0,0.0,0.0,0.0,0.0,0.0
creativity,creativity,random,multi_solution_dependency,online,training,causal_effect_graph,imagined_nodes,30,0.0,0.0,0.0,0.0,0.0,0.0
creativity,creativity,random,multi_solution_dependency,online,training,causal_effect_graph,actual_return,30,1.0,0.0,1.0,1.0,1.0,1.0
creativity,creativity,random,multi_solution_dependency,online,training,causal_effect_graph,runtime_seconds,30,0.00023573983342697224,0.0001031577772141017,0.0002137328264613946,0.00027496552012162286,0.000198981799359899,0.0007778146005584858
creativity,creativity,random,multi_solution_dependency,online,training,causal_effect_graph,real_transitions,30,3.192533333333333,0.05048163430693238,3.1742,3.2090666666666667,3.066,3.264
creativity,creativity,random,multi_solution_dependency,online,training,causal_effect_graph,imagined_transitions,30,0.0,0.0,0.0,0.0,0.0,0.0
creativity,creativity,random,multi_solution_dependency,online,training,causal_effect_graph,action_proposals,30,3.192533333333333,0.05048163430693238,3.174466666666667,3.2094666666666667,3.066,3.264
creativity,creativity,random,multi_solution_dependency,online,training,causal_effect_graph,novelty_score,30,0.0,0.0,0.0,0.0,0.0,0.0
creativity,creativity,random,multi_solution_dependency,online,training,causal_effect_graph,repeat_rate,30,0.0,0.0,0.0,0.0,0.0,0.0
creativity,creativity,random,multi_solution_dependency,online,training,causal_effect_graph,error_rate,30,0.0,0.0,0.0,0.0,0.0,0.0
